Watching for file changes with StatReloader
"GET / HTTP/1.1" 200 7156
"GET /rooms/ HTTP/1.1" 200 15964
"GET / HTTP/1.1" 200 7156
"GET /hotels/ HTTP/1.1" 200 9880
"GET /hotels/5/delete/ HTTP/1.1" 200 3892
Internal Server Error: /hotels/5/delete/
Traceback (most recent call last):
  File "E:\My_file\Python\Lib\django\core\handlers\exception.py", line 55, in inner
    response = get_response(request)
  File "E:\My_file\Python\Lib\django\core\handlers\base.py", line 197, in _get_response
    response = wrapped_callback(request, *callback_args, **callback_kwargs)
  File "E:\My_file\Python\Lib\django\views\generic\base.py", line 105, in view
    return self.dispatch(request, *args, **kwargs)
           ~~~~~~~~~~~~~^^^^^^^^^^^^^^^^^^^^^^^^^^
  File "E:\My_file\Python\Lib\django\views\generic\base.py", line 144, in dispatch
    return handler(request, *args, **kwargs)
  File "E:\My_file\Python\Lib\django\views\generic\edit.py", line 258, in post
    return self.form_valid(form)
           ~~~~~~~~~~~~~~~^^^^^^
  File "E:\My_file\Python\Lib\django\views\generic\edit.py", line 264, in form_valid
    self.object.delete()
    ~~~~~~~~~~~~~~~~~~^^
  File "E:\My_file\Python\Lib\django\db\models\base.py", line 1280, in delete
    collector.collect([self], keep_parents=keep_parents)
    ~~~~~~~~~~~~~~~~~^^^^^^^^^^^^^^^^^^^^^^^^^^^^^^^^^^^
  File "E:\My_file\Python\Lib\django\db\models\deletion.py", line 350, in collect
    raise ProtectedError(
    ...<7 lines>...
    )
django.db.models.deletion.ProtectedError: ("Cannot delete some instances of model 'Hotel' because they are referenced through protected foreign keys: 'Room.hotel'.", {<Booking: Бронь elena_volkova - Отель Казань - Номер 1 (Стандарт) (2024-02-25 - 2024-02-28)>})
"POST /hotels/5/delete/ HTTP/1.1" 500 105988
Watching for file changes with StatReloader
"GET / HTTP/1.1" 200 7156
"GET /hotels/ HTTP/1.1" 200 9880
"GET /hotels/5/delete/ HTTP/1.1" 200 3884
"GET /hotels/7/delete/ HTTP/1.1" 200 3911
"POST /hotels/7/delete/ HTTP/1.1" 302 0
"GET /hotels/ HTTP/1.1" 200 9444
"GET /hotels/create/ HTTP/1.1" 200 6846
"POST /hotels/create/ HTTP/1.1" 302 0
"GET /hotels/ HTTP/1.1" 200 10067
Watching for file changes with StatReloader
"GET /hotels/?search=%D0%B0%D0%BD%D0%B0%D0%BF%D0%B0 HTTP/1.1" 200 5907
"GET /hotels/? HTTP/1.1" 200 9880
"GET /hotels/8/update/ HTTP/1.1" 200 6950
"POST /hotels/8/update/ HTTP/1.1" 302 0
"GET /hotels/ HTTP/1.1" 200 10071
"GET / HTTP/1.1" 200 7156
"GET /hotels/ HTTP/1.1" 200 9880
"GET /rooms/ HTTP/1.1" 200 15964
"GET /rooms/create/ HTTP/1.1" 200 8276
"POST /rooms/create/ HTTP/1.1" 302 0
"GET /rooms/ HTTP/1.1" 200 16141
"GET /rooms/24/update/ HTTP/1.1" 200 8335
"GET /rooms/ HTTP/1.1" 200 15954
"GET /rooms/24/ HTTP/1.1" 200 3127
"GET /rooms/ HTTP/1.1" 200 15954
"GET /rooms/24/update/ HTTP/1.1" 200 8335
"POST /rooms/24/update/ HTTP/1.1" 302 0
"GET /rooms/ HTTP/1.1" 200 16145
"GET /rooms/24/update/ HTTP/1.1" 200 8343
"GET /rooms/ HTTP/1.1" 200 15954
"GET /rooms/24/ HTTP/1.1" 200 3154
"GET /rooms/ HTTP/1.1" 200 15954
"GET /rooms/14/delete/ HTTP/1.1" 200 3973
Internal Server Error: /rooms/14/delete/
Traceback (most recent call last):
  File "E:\учеба\3 курс\Практика\Учебная2\DjangoProject\hotel_booking\views.py", line 130, in delete
    self.object.delete()
    ~~~~~~~~~~~~~~~~~~^^
  File "E:\My_file\Python\Lib\django\db\models\base.py", line 1280, in delete
    collector.collect([self], keep_parents=keep_parents)
    ~~~~~~~~~~~~~~~~~^^^^^^^^^^^^^^^^^^^^^^^^^^^^^^^^^^^
  File "E:\My_file\Python\Lib\django\db\models\deletion.py", line 350, in collect
    raise ProtectedError(
    ...<7 lines>...
    )
django.db.models.deletion.ProtectedError: ("Cannot delete some instances of model 'Room' because they are referenced through protected foreign keys: 'Booking.room'.", {<Booking: Бронь elena_volkova - Бизнес Отель Екатеринбург - Номер 101 (Стандарт) (2024-02-01 - 2024-02-03)>})

During handling of the above exception, another exception occurred:

Traceback (most recent call last):
  File "E:\My_file\Python\Lib\django\core\handlers\exception.py", line 55, in inner
    response = get_response(request)
  File "E:\My_file\Python\Lib\django\core\handlers\base.py", line 197, in _get_response
    response = wrapped_callback(request, *callback_args, **callback_kwargs)
  File "E:\My_file\Python\Lib\django\views\generic\base.py", line 105, in view
    return self.dispatch(request, *args, **kwargs)
           ~~~~~~~~~~~~~^^^^^^^^^^^^^^^^^^^^^^^^^^
  File "E:\My_file\Python\Lib\django\views\generic\base.py", line 144, in dispatch
    return handler(request, *args, **kwargs)
  File "E:\учеба\3 курс\Практика\Учебная2\DjangoProject\hotel_booking\views.py", line 382, in post
    return self.delete(request, *args, **kwargs)
           ~~~~~~~~~~~^^^^^^^^^^^^^^^^^^^^^^^^^^
  File "E:\учеба\3 курс\Практика\Учебная2\DjangoProject\hotel_booking\views.py", line 136, in delete
    objects_list = ', '.join([str(obj) for obj in protected_objects[:5]])
                                                  ~~~~~~~~~~~~~~~~~^^^^
TypeError: 'set' object is not subscriptable
"POST /rooms/14/delete/ HTTP/1.1" 500 112073
Watching for file changes with StatReloader
"GET /rooms/14/delete/ HTTP/1.1" 200 5633
"POST /rooms/14/delete/ HTTP/1.1" 302 0
"GET /rooms/14/ HTTP/1.1" 200 3742
Watching for file changes with StatReloader
"GET /rooms/14/delete/ HTTP/1.1" 200 5509
Watching for file changes with StatReloader
"GET /rooms/14/delete/ HTTP/1.1" 200 5519
"GET /rooms/14/ HTTP/1.1" 200 3236
"GET /rooms/ HTTP/1.1" 200 18645
"GET /rooms/ HTTP/1.1" 200 18645
"GET /hotels/ HTTP/1.1" 200 9946
"GET /rooms/ HTTP/1.1" 200 18645
"GET /guests/ HTTP/1.1" 200 8018
"GET /guests/create/ HTTP/1.1" 200 5580
"POST /guests/create/ HTTP/1.1" 302 0
"GET /guests/ HTTP/1.1" 200 8859
"GET /guests/5/ HTTP/1.1" 200 3640
"GET /guests/5/update/ HTTP/1.1" 200 5641
"POST /guests/5/update/ HTTP/1.1" 302 0
"GET /guests/ HTTP/1.1" 200 8863
"GET /guests/5/ HTTP/1.1" 200 3639
"GET /guests/5/delete/ HTTP/1.1" 200 3954
"POST /guests/5/delete/ HTTP/1.1" 302 0
"GET /guests/ HTTP/1.1" 200 8018
"GET /guests/create/ HTTP/1.1" 200 5580
"POST /guests/create/ HTTP/1.1" 302 0
"GET /guests/ HTTP/1.1" 200 8864
"GET /guests/6/delete/ HTTP/1.1" 200 3954
"GET /guests/ HTTP/1.1" 200 8677
"GET /guests/3/delete/ HTTP/1.1" 200 3942
"GET /guests/ HTTP/1.1" 200 8677
"GET /services/ HTTP/1.1" 200 11788
"GET /services/create/ HTTP/1.1" 200 6086
"POST /services/create/ HTTP/1.1" 302 0
"GET /services/ HTTP/1.1" 200 12615
"GET /services/11/update/ HTTP/1.1" 200 6157
"POST /services/11/update/ HTTP/1.1" 302 0
"GET /services/ HTTP/1.1" 200 12623
"GET /services/11/ HTTP/1.1" 200 2866
"GET /services/11/delete/ HTTP/1.1" 200 3792
"POST /services/11/delete/ HTTP/1.1" 302 0
"GET /services/ HTTP/1.1" 200 11788
"GET /services/create/ HTTP/1.1" 200 6086
"POST /services/create/ HTTP/1.1" 302 0
"GET /services/ HTTP/1.1" 200 12620
"GET /bookings/ HTTP/1.1" 200 13108
"GET /bookings/create/ HTTP/1.1" 200 8991
"POST /bookings/create/ HTTP/1.1" 200 9703
"POST /bookings/create/ HTTP/1.1" 302 0
"GET /bookings/ HTTP/1.1" 200 14065
"GET /bookings/11/update/ HTTP/1.1" 200 9062
"GET /bookings/ HTTP/1.1" 200 13864
"GET /reviews/ HTTP/1.1" 200 11319
"GET /services/ HTTP/1.1" 200 12431
"GET /bookings/ HTTP/1.1" 200 13864
"GET /reviews/ HTTP/1.1" 200 11319
Internal Server Error: /reviews/6/
Traceback (most recent call last):
  File "E:\My_file\Python\Lib\django\core\handlers\exception.py", line 55, in inner
    response = get_response(request)
  File "E:\My_file\Python\Lib\django\core\handlers\base.py", line 220, in _get_response
    response = response.render()
  File "E:\My_file\Python\Lib\django\template\response.py", line 114, in render
    self.content = self.rendered_content
                   ^^^^^^^^^^^^^^^^^^^^^
  File "E:\My_file\Python\Lib\django\template\response.py", line 92, in rendered_content
    return template.render(context, self._request)
           ~~~~~~~~~~~~~~~^^^^^^^^^^^^^^^^^^^^^^^^
  File "E:\My_file\Python\Lib\django\template\backends\django.py", line 107, in render
    return self.template.render(context)
           ~~~~~~~~~~~~~~~~~~~~^^^^^^^^^
  File "E:\My_file\Python\Lib\django\template\base.py", line 171, in render
    return self._render(context)
           ~~~~~~~~~~~~^^^^^^^^^
  File "E:\My_file\Python\Lib\django\template\base.py", line 163, in _render
    return self.nodelist.render(context)
           ~~~~~~~~~~~~~~~~~~~~^^^^^^^^^
  File "E:\My_file\Python\Lib\django\template\base.py", line 1016, in render
    return SafeString("".join([node.render_annotated(context) for node in self]))
                               ~~~~~~~~~~~~~~~~~~~~~^^^^^^^^^
  File "E:\My_file\Python\Lib\django\template\base.py", line 977, in render_annotated
    return self.render(context)
           ~~~~~~~~~~~^^^^^^^^^
  File "E:\My_file\Python\Lib\django\template\loader_tags.py", line 159, in render
    return compiled_parent._render(context)
           ~~~~~~~~~~~~~~~~~~~~~~~^^^^^^^^^
  File "E:\My_file\Python\Lib\django\template\base.py", line 163, in _render
    return self.nodelist.render(context)
           ~~~~~~~~~~~~~~~~~~~~^^^^^^^^^
  File "E:\My_file\Python\Lib\django\template\base.py", line 1016, in render
    return SafeString("".join([node.render_annotated(context) for node in self]))
                               ~~~~~~~~~~~~~~~~~~~~~^^^^^^^^^
  File "E:\My_file\Python\Lib\django\template\base.py", line 977, in render_annotated
    return self.render(context)
           ~~~~~~~~~~~^^^^^^^^^
  File "E:\My_file\Python\Lib\django\template\loader_tags.py", line 65, in render
    result = block.nodelist.render(context)
  File "E:\My_file\Python\Lib\django\template\base.py", line 1016, in render
    return SafeString("".join([node.render_annotated(context) for node in self]))
                               ~~~~~~~~~~~~~~~~~~~~~^^^^^^^^^
  File "E:\My_file\Python\Lib\django\template\base.py", line 977, in render_annotated
    return self.render(context)
           ~~~~~~~~~~~^^^^^^^^^
  File "E:\My_file\Python\Lib\django\template\defaulttags.py", line 480, in render
    url = reverse(view_name, args=args, kwargs=kwargs, current_app=current_app)
  File "E:\My_file\Python\Lib\django\urls\base.py", line 98, in reverse
    resolved_url = resolver._reverse_with_prefix(view, prefix, *args, **kwargs)
  File "E:\My_file\Python\Lib\django\urls\resolvers.py", line 831, in _reverse_with_prefix
    raise NoReverseMatch(msg)
django.urls.exceptions.NoReverseMatch: Reverse for 'booking_detail' with arguments '('',)' not found. 1 pattern(s) tried: ['bookings/(?P<pk>[0-9]+)/\\Z']
"GET /reviews/6/ HTTP/1.1" 500 171240
"GET /reviews/6/update/ HTTP/1.1" 200 5790
"POST /reviews/6/update/ HTTP/1.1" 302 0
"GET /reviews/ HTTP/1.1" 200 11515
"GET /reviews/6/delete/ HTTP/1.1" 200 3839
"POST /reviews/6/delete/ HTTP/1.1" 302 0
"GET /reviews/ HTTP/1.1" 200 10549
"GET /bookings/ HTTP/1.1" 200 13864
"GET /bookings/10/delete/ HTTP/1.1" 200 3772
"POST /bookings/10/delete/ HTTP/1.1" 302 0
"GET /bookings/ HTTP/1.1" 200 14045
"GET /reviews/ HTTP/1.1" 200 10549
"GET /payments/ HTTP/1.1" 200 11437
"GET /payments/8/ HTTP/1.1" 200 4617
"GET /payments/ HTTP/1.1" 200 11437
"GET /payments/8/update/ HTTP/1.1" 200 5515
"POST /payments/8/update/ HTTP/1.1" 302 0
"GET /payments/ HTTP/1.1" 200 11641
"GET /payments/8/delete/ HTTP/1.1" 200 3807
"POST /payments/8/delete/ HTTP/1.1" 302 0
"GET /payments/ HTTP/1.1" 200 10666
"GET /reviews/ HTTP/1.1" 200 10549
Internal Server Error: /reviews/7/
Traceback (most recent call last):
  File "E:\My_file\Python\Lib\django\core\handlers\exception.py", line 55, in inner
    response = get_response(request)
  File "E:\My_file\Python\Lib\django\core\handlers\base.py", line 220, in _get_response
    response = response.render()
  File "E:\My_file\Python\Lib\django\template\response.py", line 114, in render
    self.content = self.rendered_content
                   ^^^^^^^^^^^^^^^^^^^^^
  File "E:\My_file\Python\Lib\django\template\response.py", line 92, in rendered_content
    return template.render(context, self._request)
           ~~~~~~~~~~~~~~~^^^^^^^^^^^^^^^^^^^^^^^^
  File "E:\My_file\Python\Lib\django\template\backends\django.py", line 107, in render
    return self.template.render(context)
           ~~~~~~~~~~~~~~~~~~~~^^^^^^^^^
  File "E:\My_file\Python\Lib\django\template\base.py", line 171, in render
    return self._render(context)
           ~~~~~~~~~~~~^^^^^^^^^
  File "E:\My_file\Python\Lib\django\template\base.py", line 163, in _render
    return self.nodelist.render(context)
           ~~~~~~~~~~~~~~~~~~~~^^^^^^^^^
  File "E:\My_file\Python\Lib\django\template\base.py", line 1016, in render
    return SafeString("".join([node.render_annotated(context) for node in self]))
                               ~~~~~~~~~~~~~~~~~~~~~^^^^^^^^^
  File "E:\My_file\Python\Lib\django\template\base.py", line 977, in render_annotated
    return self.render(context)
           ~~~~~~~~~~~^^^^^^^^^
  File "E:\My_file\Python\Lib\django\template\loader_tags.py", line 159, in render
    return compiled_parent._render(context)
           ~~~~~~~~~~~~~~~~~~~~~~~^^^^^^^^^
  File "E:\My_file\Python\Lib\django\template\base.py", line 163, in _render
    return self.nodelist.render(context)
           ~~~~~~~~~~~~~~~~~~~~^^^^^^^^^
  File "E:\My_file\Python\Lib\django\template\base.py", line 1016, in render
    return SafeString("".join([node.render_annotated(context) for node in self]))
                               ~~~~~~~~~~~~~~~~~~~~~^^^^^^^^^
  File "E:\My_file\Python\Lib\django\template\base.py", line 977, in render_annotated
    return self.render(context)
           ~~~~~~~~~~~^^^^^^^^^
  File "E:\My_file\Python\Lib\django\template\loader_tags.py", line 65, in render
    result = block.nodelist.render(context)
  File "E:\My_file\Python\Lib\django\template\base.py", line 1016, in render
    return SafeString("".join([node.render_annotated(context) for node in self]))
                               ~~~~~~~~~~~~~~~~~~~~~^^^^^^^^^
  File "E:\My_file\Python\Lib\django\template\base.py", line 977, in render_annotated
    return self.render(context)
           ~~~~~~~~~~~^^^^^^^^^
  File "E:\My_file\Python\Lib\django\template\defaulttags.py", line 480, in render
    url = reverse(view_name, args=args, kwargs=kwargs, current_app=current_app)
  File "E:\My_file\Python\Lib\django\urls\base.py", line 98, in reverse
    resolved_url = resolver._reverse_with_prefix(view, prefix, *args, **kwargs)
  File "E:\My_file\Python\Lib\django\urls\resolvers.py", line 831, in _reverse_with_prefix
    raise NoReverseMatch(msg)
django.urls.exceptions.NoReverseMatch: Reverse for 'booking_detail' with arguments '('',)' not found. 1 pattern(s) tried: ['bookings/(?P<pk>[0-9]+)/\\Z']
"GET /reviews/7/ HTTP/1.1" 500 171128
Watching for file changes with StatReloader
"GET /rooms/ HTTP/1.1" 200 18994
"GET /bookings/ HTTP/1.1" 200 13850
"GET /bookings/11/update/ HTTP/1.1" 200 9842
"POST /bookings/11/update/ HTTP/1.1" 302 0
"GET /bookings/ HTTP/1.1" 200 14060
"GET /reviews/ HTTP/1.1" 200 10549
"GET /reviews/7/ HTTP/1.1" 200 5785
"GET /hotels/1/ HTTP/1.1" 200 3154
"GET /hotels/ HTTP/1.1" 200 9949
"GET /reviews/ HTTP/1.1" 200 10549
"GET /reviews/7/ HTTP/1.1" 200 5785
"GET /reviews/7/update/ HTTP/1.1" 200 5917
"POST /reviews/7/update/ HTTP/1.1" 302 0
"GET /reviews/ HTTP/1.1" 200 10743
"GET /reviews/7/ HTTP/1.1" 200 5788
Watching for file changes with StatReloader
"GET /rooms/ HTTP/1.1" 200 16020
"GET /rooms/ HTTP/1.1" 200 16020
Watching for file changes with StatReloader
"GET /rooms/ HTTP/1.1" 200 17773
"GET /bookings/ HTTP/1.1" 200 14790
"GET /services/ HTTP/1.1" 200 13366
"GET /guests/ HTTP/1.1" 200 9102
"GET /rooms/ HTTP/1.1" 200 17773
"GET / HTTP/1.1" 200 7156
"GET /rooms/ HTTP/1.1" 200 17773
"GET /bookings/create/ HTTP/1.1" 200 9771
"GET /bookings/ HTTP/1.1" 200 14790
Watching for file changes with StatReloader
"GET / HTTP/1.1" 200 7156
"GET /hotels/2/ HTTP/1.1" 200 3151
"GET /hotels/ HTTP/1.1" 200 10894
"GET /hotels/create/ HTTP/1.1" 200 6978
"POST /hotels/create/ HTTP/1.1" 302 0
"GET /hotels/ HTTP/1.1" 200 11793
"GET /services/ HTTP/1.1" 200 13366
"GET /services/create/ HTTP/1.1" 200 6261
"GET /hotels/ HTTP/1.1" 200 11606
"GET /hotels/create/ HTTP/1.1" 200 6978
"GET /hotels/ HTTP/1.1" 200 11606
"GET /hotels/1/update/ HTTP/1.1" 200 7258
"GET /hotels/ HTTP/1.1" 200 11606
"GET /hotels/1/ HTTP/1.1" 200 3154
"GET /hotels/1/delete/ HTTP/1.1" 200 3895
"GET /hotels/ HTTP/1.1" 200 11606
"GET /payments/ HTTP/1.1" 200 11261
"GET / HTTP/1.1" 200 7156
Watching for file changes with StatReloader
"GET / HTTP/1.1" 200 15281
"GET / HTTP/1.1" 200 15281
"GET /hotels/ HTTP/1.1" 200 16879
"GET /hotels/8/update/ HTTP/1.1" 200 12355
"GET /hotels/ HTTP/1.1" 200 16879
"GET /hotels/9/ HTTP/1.1" 200 8252
"GET /hotels/ HTTP/1.1" 200 16879
"GET /bookings/ HTTP/1.1" 200 20063
Watching for file changes with StatReloader
"GET / HTTP/1.1" 200 15338
"GET / HTTP/1.1" 200 15338
"GET /bookings/ HTTP/1.1" 200 20120
"GET /register/ HTTP/1.1" 200 12261
"GET /login/ HTTP/1.1" 200 9896
"POST /login/ HTTP/1.1" 200 10134
"POST /login/ HTTP/1.1" 200 10134
"POST /login/ HTTP/1.1" 302 0
"GET /dashboard/ HTTP/1.1" 200 12425
"GET /hotels/search/ HTTP/1.1" 200 17614
"GET /bookings/ HTTP/1.1" 200 20165
"GET /rooms/ HTTP/1.1" 200 23148
"GET /hotels/ HTTP/1.1" 200 16981
"GET / HTTP/1.1" 200 15383
"GET /dashboard/ HTTP/1.1" 200 12233
Internal Server Error: /my-bookings/
Traceback (most recent call last):
  File "E:\My_file\Python\Lib\django\core\handlers\exception.py", line 55, in inner
    response = get_response(request)
  File "E:\My_file\Python\Lib\django\core\handlers\base.py", line 197, in _get_response
    response = wrapped_callback(request, *callback_args, **callback_kwargs)
  File "E:\My_file\Python\Lib\django\contrib\auth\decorators.py", line 59, in _view_wrapper
    return view_func(request, *args, **kwargs)
  File "E:\учеба\3 курс\Практика\Учебная2\DjangoProject\hotel_booking\views.py", line 655, in my_bookings_view
    return render(request, 'hotel_booking/my_bookings.html', context)
  File "E:\My_file\Python\Lib\django\shortcuts.py", line 25, in render
    content = loader.render_to_string(template_name, context, request, using=using)
  File "E:\My_file\Python\Lib\django\template\loader.py", line 61, in render_to_string
    template = get_template(template_name, using=using)
  File "E:\My_file\Python\Lib\django\template\loader.py", line 19, in get_template
    raise TemplateDoesNotExist(template_name, chain=chain)
django.template.exceptions.TemplateDoesNotExist: hotel_booking/my_bookings.html
"GET /my-bookings/ HTTP/1.1" 500 98273
"GET /favorites/ HTTP/1.1" 200 9783
Internal Server Error: /profile/edit/
Traceback (most recent call last):
  File "E:\My_file\Python\Lib\django\core\handlers\exception.py", line 55, in inner
    response = get_response(request)
  File "E:\My_file\Python\Lib\django\core\handlers\base.py", line 197, in _get_response
    response = wrapped_callback(request, *callback_args, **callback_kwargs)
  File "E:\My_file\Python\Lib\django\contrib\auth\decorators.py", line 59, in _view_wrapper
    return view_func(request, *args, **kwargs)
  File "E:\учеба\3 курс\Практика\Учебная2\DjangoProject\hotel_booking\views.py", line 302, in profile_edit_view
    return render(request, 'hotel_booking/profile_edit.html', context)
  File "E:\My_file\Python\Lib\django\shortcuts.py", line 25, in render
    content = loader.render_to_string(template_name, context, request, using=using)
  File "E:\My_file\Python\Lib\django\template\loader.py", line 61, in render_to_string
    template = get_template(template_name, using=using)
  File "E:\My_file\Python\Lib\django\template\loader.py", line 19, in get_template
    raise TemplateDoesNotExist(template_name, chain=chain)
django.template.exceptions.TemplateDoesNotExist: hotel_booking/profile_edit.html
"GET /profile/edit/ HTTP/1.1" 500 99008
"GET /dashboard/ HTTP/1.1" 200 12233
Internal Server Error: /my-bookings/
Traceback (most recent call last):
  File "E:\My_file\Python\Lib\django\core\handlers\exception.py", line 55, in inner
    response = get_response(request)
  File "E:\My_file\Python\Lib\django\core\handlers\base.py", line 197, in _get_response
    response = wrapped_callback(request, *callback_args, **callback_kwargs)
  File "E:\My_file\Python\Lib\django\contrib\auth\decorators.py", line 59, in _view_wrapper
    return view_func(request, *args, **kwargs)
  File "E:\учеба\3 курс\Практика\Учебная2\DjangoProject\hotel_booking\views.py", line 655, in my_bookings_view
    return render(request, 'hotel_booking/my_bookings.html', context)
  File "E:\My_file\Python\Lib\django\shortcuts.py", line 25, in render
    content = loader.render_to_string(template_name, context, request, using=using)
  File "E:\My_file\Python\Lib\django\template\loader.py", line 61, in render_to_string
    template = get_template(template_name, using=using)
  File "E:\My_file\Python\Lib\django\template\loader.py", line 19, in get_template
    raise TemplateDoesNotExist(template_name, chain=chain)
django.template.exceptions.TemplateDoesNotExist: hotel_booking/my_bookings.html
"GET /my-bookings/ HTTP/1.1" 500 98273
Internal Server Error: /profile/edit/
Traceback (most recent call last):
  File "E:\My_file\Python\Lib\django\core\handlers\exception.py", line 55, in inner
    response = get_response(request)
  File "E:\My_file\Python\Lib\django\core\handlers\base.py", line 197, in _get_response
    response = wrapped_callback(request, *callback_args, **callback_kwargs)
  File "E:\My_file\Python\Lib\django\contrib\auth\decorators.py", line 59, in _view_wrapper
    return view_func(request, *args, **kwargs)
  File "E:\учеба\3 курс\Практика\Учебная2\DjangoProject\hotel_booking\views.py", line 302, in profile_edit_view
    return render(request, 'hotel_booking/profile_edit.html', context)
  File "E:\My_file\Python\Lib\django\shortcuts.py", line 25, in render
    content = loader.render_to_string(template_name, context, request, using=using)
  File "E:\My_file\Python\Lib\django\template\loader.py", line 61, in render_to_string
    template = get_template(template_name, using=using)
  File "E:\My_file\Python\Lib\django\template\loader.py", line 19, in get_template
    raise TemplateDoesNotExist(template_name, chain=chain)
django.template.exceptions.TemplateDoesNotExist: hotel_booking/profile_edit.html
"GET /profile/edit/ HTTP/1.1" 500 99008
"GET /logout/ HTTP/1.1" 302 0
"GET / HTTP/1.1" 200 15528
"GET /login/ HTTP/1.1" 200 9896
"POST /login/ HTTP/1.1" 302 0
"GET /dashboard/ HTTP/1.1" 200 12425
Watching for file changes with StatReloader
"GET /dashboard/ HTTP/1.1" 200 12243
"GET /favorites/ HTTP/1.1" 200 9793
E:\учеба\3 курс\Практика\Учебная2\DjangoProject\hotel_booking\forms.py changed, reloading.
Watching for file changes with StatReloader
Watching for file changes with StatReloader
"GET / HTTP/1.1" 200 15473
"GET /dashboard/ HTTP/1.1" 200 12323
"GET /my-bookings/ HTTP/1.1" 200 16325
"GET /hotels/search/ HTTP/1.1" 200 17704
"GET / HTTP/1.1" 200 15473
"GET /dashboard/ HTTP/1.1" 200 12323
"GET /profile/edit/ HTTP/1.1" 200 15051
"GET /profile/security/ HTTP/1.1" 200 14072
"GET /profile/notifications/ HTTP/1.1" 200 14706
Watching for file changes with StatReloader
Watching for file changes with StatReloader
Error in home view: base.html
Error in home view: base.html
Internal Server Error: /
Traceback (most recent call last):
  File "E:\My_file\Python\Lib\django\template\backends\django.py", line 107, in render
    return self.template.render(context)
           ~~~~~~~~~~~~~~~~~~~~^^^^^^^^^
  File "E:\My_file\Python\Lib\django\template\base.py", line 171, in render
    return self._render(context)
           ~~~~~~~~~~~~^^^^^^^^^
  File "E:\My_file\Python\Lib\django\template\base.py", line 163, in _render
    return self.nodelist.render(context)
           ~~~~~~~~~~~~~~~~~~~~^^^^^^^^^
  File "E:\My_file\Python\Lib\django\template\base.py", line 1016, in render
    return SafeString("".join([node.render_annotated(context) for node in self]))
                               ~~~~~~~~~~~~~~~~~~~~~^^^^^^^^^
  File "E:\My_file\Python\Lib\django\template\base.py", line 977, in render_annotated
    return self.render(context)
           ~~~~~~~~~~~^^^^^^^^^
  File "E:\My_file\Python\Lib\django\template\loader_tags.py", line 134, in render
    compiled_parent = self.get_parent(context)
  File "E:\My_file\Python\Lib\django\template\loader_tags.py", line 131, in get_parent
    return self.find_template(parent, context)
           ~~~~~~~~~~~~~~~~~~^^^^^^^^^^^^^^^^^
  File "E:\My_file\Python\Lib\django\template\loader_tags.py", line 109, in find_template
    template, origin = context.template.engine.find_template(
                       ~~~~~~~~~~~~~~~~~~~~~~~~~~~~~~~~~~~~~^
        template_name,
        ^^^^^^^^^^^^^^
        skip=history,
        ^^^^^^^^^^^^^
    )
    ^
  File "E:\My_file\Python\Lib\django\template\engine.py", line 163, in find_template
    raise TemplateDoesNotExist(name, tried=tried)
django.template.exceptions.TemplateDoesNotExist: base.html

The above exception was the direct cause of the following exception:

Traceback (most recent call last):
  File "E:\учеба\3 курс\Практика\Учебная2\DjangoProject\hotel_booking\views.py", line 670, in home
    return render(request, 'hotel_booking/home.html', context)
  File "E:\My_file\Python\Lib\django\shortcuts.py", line 25, in render
    content = loader.render_to_string(template_name, context, request, using=using)
  File "E:\My_file\Python\Lib\django\template\loader.py", line 62, in render_to_string
    return template.render(context, request)
           ~~~~~~~~~~~~~~~^^^^^^^^^^^^^^^^^^
  File "E:\My_file\Python\Lib\django\template\backends\django.py", line 109, in render
    reraise(exc, self.backend)
    ~~~~~~~^^^^^^^^^^^^^^^^^^^
  File "E:\My_file\Python\Lib\django\template\backends\django.py", line 130, in reraise
    raise new from exc
django.template.exceptions.TemplateDoesNotExist: base.html

During handling of the above exception, another exception occurred:

Traceback (most recent call last):
  File "E:\My_file\Python\Lib\django\template\backends\django.py", line 107, in render
    return self.template.render(context)
           ~~~~~~~~~~~~~~~~~~~~^^^^^^^^^
  File "E:\My_file\Python\Lib\django\template\base.py", line 171, in render
    return self._render(context)
           ~~~~~~~~~~~~^^^^^^^^^
  File "E:\My_file\Python\Lib\django\template\base.py", line 163, in _render
    return self.nodelist.render(context)
           ~~~~~~~~~~~~~~~~~~~~^^^^^^^^^
  File "E:\My_file\Python\Lib\django\template\base.py", line 1016, in render
    return SafeString("".join([node.render_annotated(context) for node in self]))
                               ~~~~~~~~~~~~~~~~~~~~~^^^^^^^^^
  File "E:\My_file\Python\Lib\django\template\base.py", line 977, in render_annotated
    return self.render(context)
           ~~~~~~~~~~~^^^^^^^^^
  File "E:\My_file\Python\Lib\django\template\loader_tags.py", line 134, in render
    compiled_parent = self.get_parent(context)
  File "E:\My_file\Python\Lib\django\template\loader_tags.py", line 131, in get_parent
    return self.find_template(parent, context)
           ~~~~~~~~~~~~~~~~~~^^^^^^^^^^^^^^^^^
  File "E:\My_file\Python\Lib\django\template\loader_tags.py", line 109, in find_template
    template, origin = context.template.engine.find_template(
                       ~~~~~~~~~~~~~~~~~~~~~~~~~~~~~~~~~~~~~^
        template_name,
        ^^^^^^^^^^^^^^
        skip=history,
        ^^^^^^^^^^^^^
    )
    ^
  File "E:\My_file\Python\Lib\django\template\engine.py", line 163, in find_template
    raise TemplateDoesNotExist(name, tried=tried)
django.template.exceptions.TemplateDoesNotExist: base.html

The above exception was the direct cause of the following exception:

Traceback (most recent call last):
  File "E:\My_file\Python\Lib\django\core\handlers\exception.py", line 55, in inner
    response = get_response(request)
  File "E:\My_file\Python\Lib\django\core\handlers\base.py", line 197, in _get_response
    response = wrapped_callback(request, *callback_args, **callback_kwargs)
  File "E:\учеба\3 курс\Практика\Учебная2\DjangoProject\hotel_booking\views.py", line 674, in home
    return render(request, 'hotel_booking/home.html', {})
  File "E:\My_file\Python\Lib\django\shortcuts.py", line 25, in render
    content = loader.render_to_string(template_name, context, request, using=using)
  File "E:\My_file\Python\Lib\django\template\loader.py", line 62, in render_to_string
    return template.render(context, request)
           ~~~~~~~~~~~~~~~^^^^^^^^^^^^^^^^^^
  File "E:\My_file\Python\Lib\django\template\backends\django.py", line 109, in render
    reraise(exc, self.backend)
    ~~~~~~~^^^^^^^^^^^^^^^^^^^
  File "E:\My_file\Python\Lib\django\template\backends\django.py", line 130, in reraise
    raise new from exc
django.template.exceptions.TemplateDoesNotExist: base.html
"GET / HTTP/1.1" 500 205525
Watching for file changes with StatReloader
Error in home view: base.html
Error in home view: base.html
Internal Server Error: /
Traceback (most recent call last):
  File "E:\My_file\Python\Lib\django\template\backends\django.py", line 107, in render
    return self.template.render(context)
           ~~~~~~~~~~~~~~~~~~~~^^^^^^^^^
  File "E:\My_file\Python\Lib\django\template\base.py", line 171, in render
    return self._render(context)
           ~~~~~~~~~~~~^^^^^^^^^
  File "E:\My_file\Python\Lib\django\template\base.py", line 163, in _render
    return self.nodelist.render(context)
           ~~~~~~~~~~~~~~~~~~~~^^^^^^^^^
  File "E:\My_file\Python\Lib\django\template\base.py", line 1016, in render
    return SafeString("".join([node.render_annotated(context) for node in self]))
                               ~~~~~~~~~~~~~~~~~~~~~^^^^^^^^^
  File "E:\My_file\Python\Lib\django\template\base.py", line 977, in render_annotated
    return self.render(context)
           ~~~~~~~~~~~^^^^^^^^^
  File "E:\My_file\Python\Lib\django\template\loader_tags.py", line 134, in render
    compiled_parent = self.get_parent(context)
  File "E:\My_file\Python\Lib\django\template\loader_tags.py", line 131, in get_parent
    return self.find_template(parent, context)
           ~~~~~~~~~~~~~~~~~~^^^^^^^^^^^^^^^^^
  File "E:\My_file\Python\Lib\django\template\loader_tags.py", line 109, in find_template
    template, origin = context.template.engine.find_template(
                       ~~~~~~~~~~~~~~~~~~~~~~~~~~~~~~~~~~~~~^
        template_name,
        ^^^^^^^^^^^^^^
        skip=history,
        ^^^^^^^^^^^^^
    )
    ^
  File "E:\My_file\Python\Lib\django\template\engine.py", line 163, in find_template
    raise TemplateDoesNotExist(name, tried=tried)
django.template.exceptions.TemplateDoesNotExist: base.html

The above exception was the direct cause of the following exception:

Traceback (most recent call last):
  File "E:\учеба\3 курс\Практика\Учебная2\DjangoProject\hotel_booking\views.py", line 670, in home
    return render(request, 'hotel_booking/home.html', context)
  File "E:\My_file\Python\Lib\django\shortcuts.py", line 25, in render
    content = loader.render_to_string(template_name, context, request, using=using)
  File "E:\My_file\Python\Lib\django\template\loader.py", line 62, in render_to_string
    return template.render(context, request)
           ~~~~~~~~~~~~~~~^^^^^^^^^^^^^^^^^^
  File "E:\My_file\Python\Lib\django\template\backends\django.py", line 109, in render
    reraise(exc, self.backend)
    ~~~~~~~^^^^^^^^^^^^^^^^^^^
  File "E:\My_file\Python\Lib\django\template\backends\django.py", line 130, in reraise
    raise new from exc
django.template.exceptions.TemplateDoesNotExist: base.html

During handling of the above exception, another exception occurred:

Traceback (most recent call last):
  File "E:\My_file\Python\Lib\django\template\backends\django.py", line 107, in render
    return self.template.render(context)
           ~~~~~~~~~~~~~~~~~~~~^^^^^^^^^
  File "E:\My_file\Python\Lib\django\template\base.py", line 171, in render
    return self._render(context)
           ~~~~~~~~~~~~^^^^^^^^^
  File "E:\My_file\Python\Lib\django\template\base.py", line 163, in _render
    return self.nodelist.render(context)
           ~~~~~~~~~~~~~~~~~~~~^^^^^^^^^
  File "E:\My_file\Python\Lib\django\template\base.py", line 1016, in render
    return SafeString("".join([node.render_annotated(context) for node in self]))
                               ~~~~~~~~~~~~~~~~~~~~~^^^^^^^^^
  File "E:\My_file\Python\Lib\django\template\base.py", line 977, in render_annotated
    return self.render(context)
           ~~~~~~~~~~~^^^^^^^^^
  File "E:\My_file\Python\Lib\django\template\loader_tags.py", line 134, in render
    compiled_parent = self.get_parent(context)
  File "E:\My_file\Python\Lib\django\template\loader_tags.py", line 131, in get_parent
    return self.find_template(parent, context)
           ~~~~~~~~~~~~~~~~~~^^^^^^^^^^^^^^^^^
  File "E:\My_file\Python\Lib\django\template\loader_tags.py", line 109, in find_template
    template, origin = context.template.engine.find_template(
                       ~~~~~~~~~~~~~~~~~~~~~~~~~~~~~~~~~~~~~^
        template_name,
        ^^^^^^^^^^^^^^
        skip=history,
        ^^^^^^^^^^^^^
    )
    ^
  File "E:\My_file\Python\Lib\django\template\engine.py", line 163, in find_template
    raise TemplateDoesNotExist(name, tried=tried)
django.template.exceptions.TemplateDoesNotExist: base.html

The above exception was the direct cause of the following exception:

Traceback (most recent call last):
  File "E:\My_file\Python\Lib\django\core\handlers\exception.py", line 55, in inner
    response = get_response(request)
  File "E:\My_file\Python\Lib\django\core\handlers\base.py", line 197, in _get_response
    response = wrapped_callback(request, *callback_args, **callback_kwargs)
  File "E:\учеба\3 курс\Практика\Учебная2\DjangoProject\hotel_booking\views.py", line 674, in home
    return render(request, 'hotel_booking/home.html', {})
  File "E:\My_file\Python\Lib\django\shortcuts.py", line 25, in render
    content = loader.render_to_string(template_name, context, request, using=using)
  File "E:\My_file\Python\Lib\django\template\loader.py", line 62, in render_to_string
    return template.render(context, request)
           ~~~~~~~~~~~~~~~^^^^^^^^^^^^^^^^^^
  File "E:\My_file\Python\Lib\django\template\backends\django.py", line 109, in render
    reraise(exc, self.backend)
    ~~~~~~~^^^^^^^^^^^^^^^^^^^
  File "E:\My_file\Python\Lib\django\template\backends\django.py", line 130, in reraise
    raise new from exc
django.template.exceptions.TemplateDoesNotExist: base.html
"GET / HTTP/1.1" 500 205993
Error in home view: base.html
Error in home view: base.html
Internal Server Error: /
Traceback (most recent call last):
  File "E:\My_file\Python\Lib\django\template\backends\django.py", line 107, in render
    return self.template.render(context)
           ~~~~~~~~~~~~~~~~~~~~^^^^^^^^^
  File "E:\My_file\Python\Lib\django\template\base.py", line 171, in render
    return self._render(context)
           ~~~~~~~~~~~~^^^^^^^^^
  File "E:\My_file\Python\Lib\django\template\base.py", line 163, in _render
    return self.nodelist.render(context)
           ~~~~~~~~~~~~~~~~~~~~^^^^^^^^^
  File "E:\My_file\Python\Lib\django\template\base.py", line 1016, in render
    return SafeString("".join([node.render_annotated(context) for node in self]))
                               ~~~~~~~~~~~~~~~~~~~~~^^^^^^^^^
  File "E:\My_file\Python\Lib\django\template\base.py", line 977, in render_annotated
    return self.render(context)
           ~~~~~~~~~~~^^^^^^^^^
  File "E:\My_file\Python\Lib\django\template\loader_tags.py", line 134, in render
    compiled_parent = self.get_parent(context)
  File "E:\My_file\Python\Lib\django\template\loader_tags.py", line 131, in get_parent
    return self.find_template(parent, context)
           ~~~~~~~~~~~~~~~~~~^^^^^^^^^^^^^^^^^
  File "E:\My_file\Python\Lib\django\template\loader_tags.py", line 109, in find_template
    template, origin = context.template.engine.find_template(
                       ~~~~~~~~~~~~~~~~~~~~~~~~~~~~~~~~~~~~~^
        template_name,
        ^^^^^^^^^^^^^^
        skip=history,
        ^^^^^^^^^^^^^
    )
    ^
  File "E:\My_file\Python\Lib\django\template\engine.py", line 163, in find_template
    raise TemplateDoesNotExist(name, tried=tried)
django.template.exceptions.TemplateDoesNotExist: base.html

The above exception was the direct cause of the following exception:

Traceback (most recent call last):
  File "E:\учеба\3 курс\Практика\Учебная2\DjangoProject\hotel_booking\views.py", line 670, in home
    return render(request, 'hotel_booking/home.html', context)
  File "E:\My_file\Python\Lib\django\shortcuts.py", line 25, in render
    content = loader.render_to_string(template_name, context, request, using=using)
  File "E:\My_file\Python\Lib\django\template\loader.py", line 62, in render_to_string
    return template.render(context, request)
           ~~~~~~~~~~~~~~~^^^^^^^^^^^^^^^^^^
  File "E:\My_file\Python\Lib\django\template\backends\django.py", line 109, in render
    reraise(exc, self.backend)
    ~~~~~~~^^^^^^^^^^^^^^^^^^^
  File "E:\My_file\Python\Lib\django\template\backends\django.py", line 130, in reraise
    raise new from exc
django.template.exceptions.TemplateDoesNotExist: base.html

During handling of the above exception, another exception occurred:

Traceback (most recent call last):
  File "E:\My_file\Python\Lib\django\template\backends\django.py", line 107, in render
    return self.template.render(context)
           ~~~~~~~~~~~~~~~~~~~~^^^^^^^^^
  File "E:\My_file\Python\Lib\django\template\base.py", line 171, in render
    return self._render(context)
           ~~~~~~~~~~~~^^^^^^^^^
  File "E:\My_file\Python\Lib\django\template\base.py", line 163, in _render
    return self.nodelist.render(context)
           ~~~~~~~~~~~~~~~~~~~~^^^^^^^^^
  File "E:\My_file\Python\Lib\django\template\base.py", line 1016, in render
    return SafeString("".join([node.render_annotated(context) for node in self]))
                               ~~~~~~~~~~~~~~~~~~~~~^^^^^^^^^
  File "E:\My_file\Python\Lib\django\template\base.py", line 977, in render_annotated
    return self.render(context)
           ~~~~~~~~~~~^^^^^^^^^
  File "E:\My_file\Python\Lib\django\template\loader_tags.py", line 134, in render
    compiled_parent = self.get_parent(context)
  File "E:\My_file\Python\Lib\django\template\loader_tags.py", line 131, in get_parent
    return self.find_template(parent, context)
           ~~~~~~~~~~~~~~~~~~^^^^^^^^^^^^^^^^^
  File "E:\My_file\Python\Lib\django\template\loader_tags.py", line 109, in find_template
    template, origin = context.template.engine.find_template(
                       ~~~~~~~~~~~~~~~~~~~~~~~~~~~~~~~~~~~~~^
        template_name,
        ^^^^^^^^^^^^^^
        skip=history,
        ^^^^^^^^^^^^^
    )
    ^
  File "E:\My_file\Python\Lib\django\template\engine.py", line 163, in find_template
    raise TemplateDoesNotExist(name, tried=tried)
django.template.exceptions.TemplateDoesNotExist: base.html

The above exception was the direct cause of the following exception:

Traceback (most recent call last):
  File "E:\My_file\Python\Lib\django\core\handlers\exception.py", line 55, in inner
    response = get_response(request)
  File "E:\My_file\Python\Lib\django\core\handlers\base.py", line 197, in _get_response
    response = wrapped_callback(request, *callback_args, **callback_kwargs)
  File "E:\учеба\3 курс\Практика\Учебная2\DjangoProject\hotel_booking\views.py", line 674, in home
    return render(request, 'hotel_booking/home.html', {})
  File "E:\My_file\Python\Lib\django\shortcuts.py", line 25, in render
    content = loader.render_to_string(template_name, context, request, using=using)
  File "E:\My_file\Python\Lib\django\template\loader.py", line 62, in render_to_string
    return template.render(context, request)
           ~~~~~~~~~~~~~~~^^^^^^^^^^^^^^^^^^
  File "E:\My_file\Python\Lib\django\template\backends\django.py", line 109, in render
    reraise(exc, self.backend)
    ~~~~~~~^^^^^^^^^^^^^^^^^^^
  File "E:\My_file\Python\Lib\django\template\backends\django.py", line 130, in reraise
    raise new from exc
django.template.exceptions.TemplateDoesNotExist: base.html
"GET / HTTP/1.1" 500 205864
Watching for file changes with StatReloader
Error in home view: base.html
Error in home view: base.html
Internal Server Error: /
Traceback (most recent call last):
  File "E:\My_file\Python\Lib\django\template\backends\django.py", line 107, in render
    return self.template.render(context)
           ~~~~~~~~~~~~~~~~~~~~^^^^^^^^^
  File "E:\My_file\Python\Lib\django\template\base.py", line 171, in render
    return self._render(context)
           ~~~~~~~~~~~~^^^^^^^^^
  File "E:\My_file\Python\Lib\django\template\base.py", line 163, in _render
    return self.nodelist.render(context)
           ~~~~~~~~~~~~~~~~~~~~^^^^^^^^^
  File "E:\My_file\Python\Lib\django\template\base.py", line 1016, in render
    return SafeString("".join([node.render_annotated(context) for node in self]))
                               ~~~~~~~~~~~~~~~~~~~~~^^^^^^^^^
  File "E:\My_file\Python\Lib\django\template\base.py", line 977, in render_annotated
    return self.render(context)
           ~~~~~~~~~~~^^^^^^^^^
  File "E:\My_file\Python\Lib\django\template\loader_tags.py", line 134, in render
    compiled_parent = self.get_parent(context)
  File "E:\My_file\Python\Lib\django\template\loader_tags.py", line 131, in get_parent
    return self.find_template(parent, context)
           ~~~~~~~~~~~~~~~~~~^^^^^^^^^^^^^^^^^
  File "E:\My_file\Python\Lib\django\template\loader_tags.py", line 109, in find_template
    template, origin = context.template.engine.find_template(
                       ~~~~~~~~~~~~~~~~~~~~~~~~~~~~~~~~~~~~~^
        template_name,
        ^^^^^^^^^^^^^^
        skip=history,
        ^^^^^^^^^^^^^
    )
    ^
  File "E:\My_file\Python\Lib\django\template\engine.py", line 163, in find_template
    raise TemplateDoesNotExist(name, tried=tried)
django.template.exceptions.TemplateDoesNotExist: base.html

The above exception was the direct cause of the following exception:

Traceback (most recent call last):
  File "E:\учеба\3 курс\Практика\Учебная2\DjangoProject\hotel_booking\views.py", line 670, in home
    return render(request, 'hotel_booking/home.html', context)
  File "E:\My_file\Python\Lib\django\shortcuts.py", line 25, in render
    content = loader.render_to_string(template_name, context, request, using=using)
  File "E:\My_file\Python\Lib\django\template\loader.py", line 62, in render_to_string
    return template.render(context, request)
           ~~~~~~~~~~~~~~~^^^^^^^^^^^^^^^^^^
  File "E:\My_file\Python\Lib\django\template\backends\django.py", line 109, in render
    reraise(exc, self.backend)
    ~~~~~~~^^^^^^^^^^^^^^^^^^^
  File "E:\My_file\Python\Lib\django\template\backends\django.py", line 130, in reraise
    raise new from exc
django.template.exceptions.TemplateDoesNotExist: base.html

During handling of the above exception, another exception occurred:

Traceback (most recent call last):
  File "E:\My_file\Python\Lib\django\template\backends\django.py", line 107, in render
    return self.template.render(context)
           ~~~~~~~~~~~~~~~~~~~~^^^^^^^^^
  File "E:\My_file\Python\Lib\django\template\base.py", line 171, in render
    return self._render(context)
           ~~~~~~~~~~~~^^^^^^^^^
  File "E:\My_file\Python\Lib\django\template\base.py", line 163, in _render
    return self.nodelist.render(context)
           ~~~~~~~~~~~~~~~~~~~~^^^^^^^^^
  File "E:\My_file\Python\Lib\django\template\base.py", line 1016, in render
    return SafeString("".join([node.render_annotated(context) for node in self]))
                               ~~~~~~~~~~~~~~~~~~~~~^^^^^^^^^
  File "E:\My_file\Python\Lib\django\template\base.py", line 977, in render_annotated
    return self.render(context)
           ~~~~~~~~~~~^^^^^^^^^
  File "E:\My_file\Python\Lib\django\template\loader_tags.py", line 134, in render
    compiled_parent = self.get_parent(context)
  File "E:\My_file\Python\Lib\django\template\loader_tags.py", line 131, in get_parent
    return self.find_template(parent, context)
           ~~~~~~~~~~~~~~~~~~^^^^^^^^^^^^^^^^^
  File "E:\My_file\Python\Lib\django\template\loader_tags.py", line 109, in find_template
    template, origin = context.template.engine.find_template(
                       ~~~~~~~~~~~~~~~~~~~~~~~~~~~~~~~~~~~~~^
        template_name,
        ^^^^^^^^^^^^^^
        skip=history,
        ^^^^^^^^^^^^^
    )
    ^
  File "E:\My_file\Python\Lib\django\template\engine.py", line 163, in find_template
    raise TemplateDoesNotExist(name, tried=tried)
django.template.exceptions.TemplateDoesNotExist: base.html

The above exception was the direct cause of the following exception:

Traceback (most recent call last):
  File "E:\My_file\Python\Lib\django\core\handlers\exception.py", line 55, in inner
    response = get_response(request)
  File "E:\My_file\Python\Lib\django\core\handlers\base.py", line 197, in _get_response
    response = wrapped_callback(request, *callback_args, **callback_kwargs)
  File "E:\учеба\3 курс\Практика\Учебная2\DjangoProject\hotel_booking\views.py", line 674, in home
    return render(request, 'hotel_booking/home.html', {})
  File "E:\My_file\Python\Lib\django\shortcuts.py", line 25, in render
    content = loader.render_to_string(template_name, context, request, using=using)
  File "E:\My_file\Python\Lib\django\template\loader.py", line 62, in render_to_string
    return template.render(context, request)
           ~~~~~~~~~~~~~~~^^^^^^^^^^^^^^^^^^
  File "E:\My_file\Python\Lib\django\template\backends\django.py", line 109, in render
    reraise(exc, self.backend)
    ~~~~~~~^^^^^^^^^^^^^^^^^^^
  File "E:\My_file\Python\Lib\django\template\backends\django.py", line 130, in reraise
    raise new from exc
django.template.exceptions.TemplateDoesNotExist: base.html
"GET / HTTP/1.1" 500 206006
Internal Server Error: /profile/notifications/
Traceback (most recent call last):
  File "E:\My_file\Python\Lib\django\template\backends\django.py", line 107, in render
    return self.template.render(context)
           ~~~~~~~~~~~~~~~~~~~~^^^^^^^^^
  File "E:\My_file\Python\Lib\django\template\base.py", line 171, in render
    return self._render(context)
           ~~~~~~~~~~~~^^^^^^^^^
  File "E:\My_file\Python\Lib\django\template\base.py", line 163, in _render
    return self.nodelist.render(context)
           ~~~~~~~~~~~~~~~~~~~~^^^^^^^^^
  File "E:\My_file\Python\Lib\django\template\base.py", line 1016, in render
    return SafeString("".join([node.render_annotated(context) for node in self]))
                               ~~~~~~~~~~~~~~~~~~~~~^^^^^^^^^
  File "E:\My_file\Python\Lib\django\template\base.py", line 977, in render_annotated
    return self.render(context)
           ~~~~~~~~~~~^^^^^^^^^
  File "E:\My_file\Python\Lib\django\template\loader_tags.py", line 159, in render
    return compiled_parent._render(context)
           ~~~~~~~~~~~~~~~~~~~~~~~^^^^^^^^^
  File "E:\My_file\Python\Lib\django\template\base.py", line 163, in _render
    return self.nodelist.render(context)
           ~~~~~~~~~~~~~~~~~~~~^^^^^^^^^
  File "E:\My_file\Python\Lib\django\template\base.py", line 1016, in render
    return SafeString("".join([node.render_annotated(context) for node in self]))
                               ~~~~~~~~~~~~~~~~~~~~~^^^^^^^^^
  File "E:\My_file\Python\Lib\django\template\base.py", line 977, in render_annotated
    return self.render(context)
           ~~~~~~~~~~~^^^^^^^^^
  File "E:\My_file\Python\Lib\django\template\loader_tags.py", line 199, in render
    template = context.template.engine.select_template(template_name)
  File "E:\My_file\Python\Lib\django\template\engine.py", line 214, in select_template
    raise TemplateDoesNotExist(", ".join(not_found))
django.template.exceptions.TemplateDoesNotExist: _inc/_header.html

The above exception was the direct cause of the following exception:

Traceback (most recent call last):
  File "E:\My_file\Python\Lib\django\core\handlers\exception.py", line 55, in inner
    response = get_response(request)
  File "E:\My_file\Python\Lib\django\core\handlers\base.py", line 197, in _get_response
    response = wrapped_callback(request, *callback_args, **callback_kwargs)
  File "E:\My_file\Python\Lib\django\contrib\auth\decorators.py", line 59, in _view_wrapper
    return view_func(request, *args, **kwargs)
  File "E:\учеба\3 курс\Практика\Учебная2\DjangoProject\hotel_booking\views.py", line 1447, in profile_notifications_view
    return render(request, 'hotel_booking/profile_settings.html', context)
  File "E:\My_file\Python\Lib\django\shortcuts.py", line 25, in render
    content = loader.render_to_string(template_name, context, request, using=using)
  File "E:\My_file\Python\Lib\django\template\loader.py", line 62, in render_to_string
    return template.render(context, request)
           ~~~~~~~~~~~~~~~^^^^^^^^^^^^^^^^^^
  File "E:\My_file\Python\Lib\django\template\backends\django.py", line 109, in render
    reraise(exc, self.backend)
    ~~~~~~~^^^^^^^^^^^^^^^^^^^
  File "E:\My_file\Python\Lib\django\template\backends\django.py", line 130, in reraise
    raise new from exc
django.template.exceptions.TemplateDoesNotExist: _inc/_header.html
"GET /profile/notifications/ HTTP/1.1" 500 156877
Watching for file changes with StatReloader
Error in home view: base.html
Error in home view: base.html
Internal Server Error: /
Traceback (most recent call last):
  File "E:\My_file\Python\Lib\django\template\backends\django.py", line 107, in render
    return self.template.render(context)
           ~~~~~~~~~~~~~~~~~~~~^^^^^^^^^
  File "E:\My_file\Python\Lib\django\template\base.py", line 171, in render
    return self._render(context)
           ~~~~~~~~~~~~^^^^^^^^^
  File "E:\My_file\Python\Lib\django\template\base.py", line 163, in _render
    return self.nodelist.render(context)
           ~~~~~~~~~~~~~~~~~~~~^^^^^^^^^
  File "E:\My_file\Python\Lib\django\template\base.py", line 1016, in render
    return SafeString("".join([node.render_annotated(context) for node in self]))
                               ~~~~~~~~~~~~~~~~~~~~~^^^^^^^^^
  File "E:\My_file\Python\Lib\django\template\base.py", line 977, in render_annotated
    return self.render(context)
           ~~~~~~~~~~~^^^^^^^^^
  File "E:\My_file\Python\Lib\django\template\loader_tags.py", line 134, in render
    compiled_parent = self.get_parent(context)
  File "E:\My_file\Python\Lib\django\template\loader_tags.py", line 131, in get_parent
    return self.find_template(parent, context)
           ~~~~~~~~~~~~~~~~~~^^^^^^^^^^^^^^^^^
  File "E:\My_file\Python\Lib\django\template\loader_tags.py", line 109, in find_template
    template, origin = context.template.engine.find_template(
                       ~~~~~~~~~~~~~~~~~~~~~~~~~~~~~~~~~~~~~^
        template_name,
        ^^^^^^^^^^^^^^
        skip=history,
        ^^^^^^^^^^^^^
    )
    ^
  File "E:\My_file\Python\Lib\django\template\engine.py", line 163, in find_template
    raise TemplateDoesNotExist(name, tried=tried)
django.template.exceptions.TemplateDoesNotExist: base.html

The above exception was the direct cause of the following exception:

Traceback (most recent call last):
  File "E:\учеба\3 курс\Практика\Учебная2\DjangoProject\hotel_booking\views.py", line 670, in home
    return render(request, 'hotel_booking/home.html', context)
  File "E:\My_file\Python\Lib\django\shortcuts.py", line 25, in render
    content = loader.render_to_string(template_name, context, request, using=using)
  File "E:\My_file\Python\Lib\django\template\loader.py", line 62, in render_to_string
    return template.render(context, request)
           ~~~~~~~~~~~~~~~^^^^^^^^^^^^^^^^^^
  File "E:\My_file\Python\Lib\django\template\backends\django.py", line 109, in render
    reraise(exc, self.backend)
    ~~~~~~~^^^^^^^^^^^^^^^^^^^
  File "E:\My_file\Python\Lib\django\template\backends\django.py", line 130, in reraise
    raise new from exc
django.template.exceptions.TemplateDoesNotExist: base.html

During handling of the above exception, another exception occurred:

Traceback (most recent call last):
  File "E:\My_file\Python\Lib\django\template\backends\django.py", line 107, in render
    return self.template.render(context)
           ~~~~~~~~~~~~~~~~~~~~^^^^^^^^^
  File "E:\My_file\Python\Lib\django\template\base.py", line 171, in render
    return self._render(context)
           ~~~~~~~~~~~~^^^^^^^^^
  File "E:\My_file\Python\Lib\django\template\base.py", line 163, in _render
    return self.nodelist.render(context)
           ~~~~~~~~~~~~~~~~~~~~^^^^^^^^^
  File "E:\My_file\Python\Lib\django\template\base.py", line 1016, in render
    return SafeString("".join([node.render_annotated(context) for node in self]))
                               ~~~~~~~~~~~~~~~~~~~~~^^^^^^^^^
  File "E:\My_file\Python\Lib\django\template\base.py", line 977, in render_annotated
    return self.render(context)
           ~~~~~~~~~~~^^^^^^^^^
  File "E:\My_file\Python\Lib\django\template\loader_tags.py", line 134, in render
    compiled_parent = self.get_parent(context)
  File "E:\My_file\Python\Lib\django\template\loader_tags.py", line 131, in get_parent
    return self.find_template(parent, context)
           ~~~~~~~~~~~~~~~~~~^^^^^^^^^^^^^^^^^
  File "E:\My_file\Python\Lib\django\template\loader_tags.py", line 109, in find_template
    template, origin = context.template.engine.find_template(
                       ~~~~~~~~~~~~~~~~~~~~~~~~~~~~~~~~~~~~~^
        template_name,
        ^^^^^^^^^^^^^^
        skip=history,
        ^^^^^^^^^^^^^
    )
    ^
  File "E:\My_file\Python\Lib\django\template\engine.py", line 163, in find_template
    raise TemplateDoesNotExist(name, tried=tried)
django.template.exceptions.TemplateDoesNotExist: base.html

The above exception was the direct cause of the following exception:

Traceback (most recent call last):
  File "E:\My_file\Python\Lib\django\core\handlers\exception.py", line 55, in inner
    response = get_response(request)
  File "E:\My_file\Python\Lib\django\core\handlers\base.py", line 197, in _get_response
    response = wrapped_callback(request, *callback_args, **callback_kwargs)
  File "E:\учеба\3 курс\Практика\Учебная2\DjangoProject\hotel_booking\views.py", line 674, in home
    return render(request, 'hotel_booking/home.html', {})
  File "E:\My_file\Python\Lib\django\shortcuts.py", line 25, in render
    content = loader.render_to_string(template_name, context, request, using=using)
  File "E:\My_file\Python\Lib\django\template\loader.py", line 62, in render_to_string
    return template.render(context, request)
           ~~~~~~~~~~~~~~~^^^^^^^^^^^^^^^^^^
  File "E:\My_file\Python\Lib\django\template\backends\django.py", line 109, in render
    reraise(exc, self.backend)
    ~~~~~~~^^^^^^^^^^^^^^^^^^^
  File "E:\My_file\Python\Lib\django\template\backends\django.py", line 130, in reraise
    raise new from exc
django.template.exceptions.TemplateDoesNotExist: base.html
"GET / HTTP/1.1" 500 205700
Watching for file changes with StatReloader
"GET / HTTP/1.1" 200 7573
Internal Server Error: /hotels/
Traceback (most recent call last):
  File "E:\My_file\Python\Lib\django\core\handlers\exception.py", line 55, in inner
    response = get_response(request)
  File "E:\My_file\Python\Lib\django\core\handlers\base.py", line 220, in _get_response
    response = response.render()
  File "E:\My_file\Python\Lib\django\template\response.py", line 114, in render
    self.content = self.rendered_content
                   ^^^^^^^^^^^^^^^^^^^^^
  File "E:\My_file\Python\Lib\django\template\response.py", line 90, in rendered_content
    template = self.resolve_template(self.template_name)
  File "E:\My_file\Python\Lib\django\template\response.py", line 72, in resolve_template
    return select_template(template, using=self.using)
  File "E:\My_file\Python\Lib\django\template\loader.py", line 47, in select_template
    raise TemplateDoesNotExist(", ".join(template_name_list), chain=chain)
django.template.exceptions.TemplateDoesNotExist: hotel_booking/hotel_list.html, hotel_booking/hotel_list.html
"GET /hotels/ HTTP/1.1" 500 94375
Watching for file changes with StatReloader
"GET / HTTP/1.1" 200 5931
"GET / HTTP/1.1" 200 5931
Internal Server Error: /hotels/
Traceback (most recent call last):
  File "E:\My_file\Python\Lib\django\template\backends\django.py", line 107, in render
    return self.template.render(context)
           ~~~~~~~~~~~~~~~~~~~~^^^^^^^^^
  File "E:\My_file\Python\Lib\django\template\base.py", line 171, in render
    return self._render(context)
           ~~~~~~~~~~~~^^^^^^^^^
  File "E:\My_file\Python\Lib\django\template\base.py", line 163, in _render
    return self.nodelist.render(context)
           ~~~~~~~~~~~~~~~~~~~~^^^^^^^^^
  File "E:\My_file\Python\Lib\django\template\base.py", line 1016, in render
    return SafeString("".join([node.render_annotated(context) for node in self]))
                               ~~~~~~~~~~~~~~~~~~~~~^^^^^^^^^
  File "E:\My_file\Python\Lib\django\template\base.py", line 977, in render_annotated
    return self.render(context)
           ~~~~~~~~~~~^^^^^^^^^
  File "E:\My_file\Python\Lib\django\template\loader_tags.py", line 134, in render
    compiled_parent = self.get_parent(context)
  File "E:\My_file\Python\Lib\django\template\loader_tags.py", line 131, in get_parent
    return self.find_template(parent, context)
           ~~~~~~~~~~~~~~~~~~^^^^^^^^^^^^^^^^^
  File "E:\My_file\Python\Lib\django\template\loader_tags.py", line 109, in find_template
    template, origin = context.template.engine.find_template(
                       ~~~~~~~~~~~~~~~~~~~~~~~~~~~~~~~~~~~~~^
        template_name,
        ^^^^^^^^^^^^^^
        skip=history,
        ^^^^^^^^^^^^^
    )
    ^
  File "E:\My_file\Python\Lib\django\template\engine.py", line 163, in find_template
    raise TemplateDoesNotExist(name, tried=tried)
django.template.exceptions.TemplateDoesNotExist: hotel_booking/templates/hotel_booking/base_list.html

The above exception was the direct cause of the following exception:

Traceback (most recent call last):
  File "E:\My_file\Python\Lib\django\core\handlers\exception.py", line 55, in inner
    response = get_response(request)
  File "E:\My_file\Python\Lib\django\core\handlers\base.py", line 220, in _get_response
    response = response.render()
  File "E:\My_file\Python\Lib\django\template\response.py", line 114, in render
    self.content = self.rendered_content
                   ^^^^^^^^^^^^^^^^^^^^^
  File "E:\My_file\Python\Lib\django\template\response.py", line 92, in rendered_content
    return template.render(context, self._request)
           ~~~~~~~~~~~~~~~^^^^^^^^^^^^^^^^^^^^^^^^
  File "E:\My_file\Python\Lib\django\template\backends\django.py", line 109, in render
    reraise(exc, self.backend)
    ~~~~~~~^^^^^^^^^^^^^^^^^^^
  File "E:\My_file\Python\Lib\django\template\backends\django.py", line 130, in reraise
    raise new from exc
django.template.exceptions.TemplateDoesNotExist: hotel_booking/templates/hotel_booking/base_list.html
"GET /hotels/ HTTP/1.1" 500 149546
Watching for file changes with StatReloader
Internal Server Error: /hotels/
Traceback (most recent call last):
  File "E:\My_file\Python\Lib\django\template\backends\django.py", line 107, in render
    return self.template.render(context)
           ~~~~~~~~~~~~~~~~~~~~^^^^^^^^^
  File "E:\My_file\Python\Lib\django\template\base.py", line 171, in render
    return self._render(context)
           ~~~~~~~~~~~~^^^^^^^^^
  File "E:\My_file\Python\Lib\django\template\base.py", line 163, in _render
    return self.nodelist.render(context)
           ~~~~~~~~~~~~~~~~~~~~^^^^^^^^^
  File "E:\My_file\Python\Lib\django\template\base.py", line 1016, in render
    return SafeString("".join([node.render_annotated(context) for node in self]))
                               ~~~~~~~~~~~~~~~~~~~~~^^^^^^^^^
  File "E:\My_file\Python\Lib\django\template\base.py", line 977, in render_annotated
    return self.render(context)
           ~~~~~~~~~~~^^^^^^^^^
  File "E:\My_file\Python\Lib\django\template\loader_tags.py", line 134, in render
    compiled_parent = self.get_parent(context)
  File "E:\My_file\Python\Lib\django\template\loader_tags.py", line 131, in get_parent
    return self.find_template(parent, context)
           ~~~~~~~~~~~~~~~~~~^^^^^^^^^^^^^^^^^
  File "E:\My_file\Python\Lib\django\template\loader_tags.py", line 109, in find_template
    template, origin = context.template.engine.find_template(
                       ~~~~~~~~~~~~~~~~~~~~~~~~~~~~~~~~~~~~~^
        template_name,
        ^^^^^^^^^^^^^^
        skip=history,
        ^^^^^^^^^^^^^
    )
    ^
  File "E:\My_file\Python\Lib\django\template\engine.py", line 163, in find_template
    raise TemplateDoesNotExist(name, tried=tried)
django.template.exceptions.TemplateDoesNotExist: hotel_booking/templates/hotel_booking/base_list.html

The above exception was the direct cause of the following exception:

Traceback (most recent call last):
  File "E:\My_file\Python\Lib\django\core\handlers\exception.py", line 55, in inner
    response = get_response(request)
  File "E:\My_file\Python\Lib\django\core\handlers\base.py", line 220, in _get_response
    response = response.render()
  File "E:\My_file\Python\Lib\django\template\response.py", line 114, in render
    self.content = self.rendered_content
                   ^^^^^^^^^^^^^^^^^^^^^
  File "E:\My_file\Python\Lib\django\template\response.py", line 92, in rendered_content
    return template.render(context, self._request)
           ~~~~~~~~~~~~~~~^^^^^^^^^^^^^^^^^^^^^^^^
  File "E:\My_file\Python\Lib\django\template\backends\django.py", line 109, in render
    reraise(exc, self.backend)
    ~~~~~~~^^^^^^^^^^^^^^^^^^^
  File "E:\My_file\Python\Lib\django\template\backends\django.py", line 130, in reraise
    raise new from exc
django.template.exceptions.TemplateDoesNotExist: hotel_booking/templates/hotel_booking/base_list.html
"GET /hotels/ HTTP/1.1" 500 149683
Watching for file changes with StatReloader
"GET / HTTP/1.1" 200 2802
Internal Server Error: /hotels/search/
Traceback (most recent call last):
  File "E:\My_file\Python\Lib\django\template\backends\django.py", line 107, in render
    return self.template.render(context)
           ~~~~~~~~~~~~~~~~~~~~^^^^^^^^^
  File "E:\My_file\Python\Lib\django\template\base.py", line 171, in render
    return self._render(context)
           ~~~~~~~~~~~~^^^^^^^^^
  File "E:\My_file\Python\Lib\django\template\base.py", line 163, in _render
    return self.nodelist.render(context)
           ~~~~~~~~~~~~~~~~~~~~^^^^^^^^^
  File "E:\My_file\Python\Lib\django\template\base.py", line 1016, in render
    return SafeString("".join([node.render_annotated(context) for node in self]))
                               ~~~~~~~~~~~~~~~~~~~~~^^^^^^^^^
  File "E:\My_file\Python\Lib\django\template\base.py", line 977, in render_annotated
    return self.render(context)
           ~~~~~~~~~~~^^^^^^^^^
  File "E:\My_file\Python\Lib\django\template\loader_tags.py", line 134, in render
    compiled_parent = self.get_parent(context)
  File "E:\My_file\Python\Lib\django\template\loader_tags.py", line 131, in get_parent
    return self.find_template(parent, context)
           ~~~~~~~~~~~~~~~~~~^^^^^^^^^^^^^^^^^
  File "E:\My_file\Python\Lib\django\template\loader_tags.py", line 109, in find_template
    template, origin = context.template.engine.find_template(
                       ~~~~~~~~~~~~~~~~~~~~~~~~~~~~~~~~~~~~~^
        template_name,
        ^^^^^^^^^^^^^^
        skip=history,
        ^^^^^^^^^^^^^
    )
    ^
  File "E:\My_file\Python\Lib\django\template\engine.py", line 163, in find_template
    raise TemplateDoesNotExist(name, tried=tried)
django.template.exceptions.TemplateDoesNotExist: hotel_booking/templates/hotel_booking/base.html

The above exception was the direct cause of the following exception:

Traceback (most recent call last):
  File "E:\My_file\Python\Lib\django\core\handlers\exception.py", line 55, in inner
    response = get_response(request)
  File "E:\My_file\Python\Lib\django\core\handlers\base.py", line 197, in _get_response
    response = wrapped_callback(request, *callback_args, **callback_kwargs)
  File "E:\учеба\3 курс\Практика\Учебная2\DjangoProject\hotel_booking\views.py", line 367, in hotel_search_view
    return render(request, 'hotel_search.html', context)
  File "E:\My_file\Python\Lib\django\shortcuts.py", line 25, in render
    content = loader.render_to_string(template_name, context, request, using=using)
  File "E:\My_file\Python\Lib\django\template\loader.py", line 62, in render_to_string
    return template.render(context, request)
           ~~~~~~~~~~~~~~~^^^^^^^^^^^^^^^^^^
  File "E:\My_file\Python\Lib\django\template\backends\django.py", line 109, in render
    reraise(exc, self.backend)
    ~~~~~~~^^^^^^^^^^^^^^^^^^^
  File "E:\My_file\Python\Lib\django\template\backends\django.py", line 130, in reraise
    raise new from exc
django.template.exceptions.TemplateDoesNotExist: hotel_booking/templates/hotel_booking/base.html
"GET /hotels/search/ HTTP/1.1" 500 144315
Watching for file changes with StatReloader
"GET / HTTP/1.1" 200 2802
Internal Server Error: /hotels/search/
Traceback (most recent call last):
  File "E:\My_file\Python\Lib\django\template\backends\django.py", line 107, in render
    return self.template.render(context)
           ~~~~~~~~~~~~~~~~~~~~^^^^^^^^^
  File "E:\My_file\Python\Lib\django\template\base.py", line 171, in render
    return self._render(context)
           ~~~~~~~~~~~~^^^^^^^^^
  File "E:\My_file\Python\Lib\django\template\base.py", line 163, in _render
    return self.nodelist.render(context)
           ~~~~~~~~~~~~~~~~~~~~^^^^^^^^^
  File "E:\My_file\Python\Lib\django\template\base.py", line 1016, in render
    return SafeString("".join([node.render_annotated(context) for node in self]))
                               ~~~~~~~~~~~~~~~~~~~~~^^^^^^^^^
  File "E:\My_file\Python\Lib\django\template\base.py", line 977, in render_annotated
    return self.render(context)
           ~~~~~~~~~~~^^^^^^^^^
  File "E:\My_file\Python\Lib\django\template\loader_tags.py", line 134, in render
    compiled_parent = self.get_parent(context)
  File "E:\My_file\Python\Lib\django\template\loader_tags.py", line 131, in get_parent
    return self.find_template(parent, context)
           ~~~~~~~~~~~~~~~~~~^^^^^^^^^^^^^^^^^
  File "E:\My_file\Python\Lib\django\template\loader_tags.py", line 109, in find_template
    template, origin = context.template.engine.find_template(
                       ~~~~~~~~~~~~~~~~~~~~~~~~~~~~~~~~~~~~~^
        template_name,
        ^^^^^^^^^^^^^^
        skip=history,
        ^^^^^^^^^^^^^
    )
    ^
  File "E:\My_file\Python\Lib\django\template\engine.py", line 163, in find_template
    raise TemplateDoesNotExist(name, tried=tried)
django.template.exceptions.TemplateDoesNotExist: hotel_booking/templates/hotel_booking/base.html

The above exception was the direct cause of the following exception:

Traceback (most recent call last):
  File "E:\My_file\Python\Lib\django\core\handlers\exception.py", line 55, in inner
    response = get_response(request)
  File "E:\My_file\Python\Lib\django\core\handlers\base.py", line 197, in _get_response
    response = wrapped_callback(request, *callback_args, **callback_kwargs)
  File "E:\учеба\3 курс\Практика\Учебная2\DjangoProject\hotel_booking\views.py", line 367, in hotel_search_view
    return render(request, 'hotel_search.html', context)
  File "E:\My_file\Python\Lib\django\shortcuts.py", line 25, in render
    content = loader.render_to_string(template_name, context, request, using=using)
  File "E:\My_file\Python\Lib\django\template\loader.py", line 62, in render_to_string
    return template.render(context, request)
           ~~~~~~~~~~~~~~~^^^^^^^^^^^^^^^^^^
  File "E:\My_file\Python\Lib\django\template\backends\django.py", line 109, in render
    reraise(exc, self.backend)
    ~~~~~~~^^^^^^^^^^^^^^^^^^^
  File "E:\My_file\Python\Lib\django\template\backends\django.py", line 130, in reraise
    raise new from exc
django.template.exceptions.TemplateDoesNotExist: hotel_booking/templates/hotel_booking/base.html
"GET /hotels/search/ HTTP/1.1" 500 143582
Internal Server Error: /hotels/search/
Traceback (most recent call last):
  File "E:\My_file\Python\Lib\django\template\backends\django.py", line 107, in render
    return self.template.render(context)
           ~~~~~~~~~~~~~~~~~~~~^^^^^^^^^
  File "E:\My_file\Python\Lib\django\template\base.py", line 171, in render
    return self._render(context)
           ~~~~~~~~~~~~^^^^^^^^^
  File "E:\My_file\Python\Lib\django\template\base.py", line 163, in _render
    return self.nodelist.render(context)
           ~~~~~~~~~~~~~~~~~~~~^^^^^^^^^
  File "E:\My_file\Python\Lib\django\template\base.py", line 1016, in render
    return SafeString("".join([node.render_annotated(context) for node in self]))
                               ~~~~~~~~~~~~~~~~~~~~~^^^^^^^^^
  File "E:\My_file\Python\Lib\django\template\base.py", line 977, in render_annotated
    return self.render(context)
           ~~~~~~~~~~~^^^^^^^^^
  File "E:\My_file\Python\Lib\django\template\loader_tags.py", line 134, in render
    compiled_parent = self.get_parent(context)
  File "E:\My_file\Python\Lib\django\template\loader_tags.py", line 131, in get_parent
    return self.find_template(parent, context)
           ~~~~~~~~~~~~~~~~~~^^^^^^^^^^^^^^^^^
  File "E:\My_file\Python\Lib\django\template\loader_tags.py", line 109, in find_template
    template, origin = context.template.engine.find_template(
                       ~~~~~~~~~~~~~~~~~~~~~~~~~~~~~~~~~~~~~^
        template_name,
        ^^^^^^^^^^^^^^
        skip=history,
        ^^^^^^^^^^^^^
    )
    ^
  File "E:\My_file\Python\Lib\django\template\engine.py", line 163, in find_template
    raise TemplateDoesNotExist(name, tried=tried)
django.template.exceptions.TemplateDoesNotExist: hotel_booking/templates/hotel_booking/base.html

The above exception was the direct cause of the following exception:

Traceback (most recent call last):
  File "E:\My_file\Python\Lib\django\core\handlers\exception.py", line 55, in inner
    response = get_response(request)
  File "E:\My_file\Python\Lib\django\core\handlers\base.py", line 197, in _get_response
    response = wrapped_callback(request, *callback_args, **callback_kwargs)
  File "E:\учеба\3 курс\Практика\Учебная2\DjangoProject\hotel_booking\views.py", line 367, in hotel_search_view
    return render(request, 'hotel_search.html', context)
  File "E:\My_file\Python\Lib\django\shortcuts.py", line 25, in render
    content = loader.render_to_string(template_name, context, request, using=using)
  File "E:\My_file\Python\Lib\django\template\loader.py", line 62, in render_to_string
    return template.render(context, request)
           ~~~~~~~~~~~~~~~^^^^^^^^^^^^^^^^^^
  File "E:\My_file\Python\Lib\django\template\backends\django.py", line 109, in render
    reraise(exc, self.backend)
    ~~~~~~~^^^^^^^^^^^^^^^^^^^
  File "E:\My_file\Python\Lib\django\template\backends\django.py", line 130, in reraise
    raise new from exc
django.template.exceptions.TemplateDoesNotExist: hotel_booking/templates/hotel_booking/base.html
"GET /hotels/search/ HTTP/1.1" 500 142151
"GET /booking/checkout/ HTTP/1.1" 302 0
Not Found: /accounts/login/
"GET /accounts/login/?next=/booking/checkout/ HTTP/1.1" 404 18031
"GET /bookings/ HTTP/1.1" 200 15233
"GET /favorites/ HTTP/1.1" 302 0
Not Found: /accounts/login/
"GET /accounts/login/?next=/favorites/ HTTP/1.1" 404 18024
Watching for file changes with StatReloader
Watching for file changes with StatReloader
"GET / HTTP/1.1" 200 2802
"GET /hotels/search/ HTTP/1.1" 200 12688
"GET / HTTP/1.1" 200 2802
"GET /dashboard/ HTTP/1.1" 200 2748
"GET /rooms/ HTTP/1.1" 200 18203
"GET / HTTP/1.1" 200 2802
"GET /hotels/ HTTP/1.1" 200 6068
"GET /rooms/ HTTP/1.1" 200 18203
"GET /hotels/search/ HTTP/1.1" 200 12688
"GET /dashboard/ HTTP/1.1" 200 2748
"GET / HTTP/1.1" 200 2802
Watching for file changes with StatReloader
"GET / HTTP/1.1" 200 4817
"GET /guests/ HTTP/1.1" 200 12276
"GET /reviews/ HTTP/1.1" 200 13592
"GET / HTTP/1.1" 200 4817
Watching for file changes with StatReloader
"GET / HTTP/1.1" 200 5000
Watching for file changes with StatReloader
"GET / HTTP/1.1" 200 5227
"GET / HTTP/1.1" 200 5227
"GET / HTTP/1.1" 200 5227
"GET /hotels/search/ HTTP/1.1" 200 15113
"GET /profile/edit/ HTTP/1.1" 200 12460
"GET / HTTP/1.1" 200 5227
"GET /hotels/search/ HTTP/1.1" 200 15113
"GET /dashboard/ HTTP/1.1" 200 5173
"GET /hotels/ HTTP/1.1" 200 8493
Watching for file changes with StatReloader
"GET /hotels/ HTTP/1.1" 200 7710
Not Found: /favicon.ico
"GET /favicon.ico HTTP/1.1" 404 19067
"GET /logout/ HTTP/1.1" 302 0
"GET / HTTP/1.1" 200 3732
"GET /login/ HTTP/1.1" 200 4202
"POST /login/ HTTP/1.1" 200 4817
"POST /login/ HTTP/1.1" 200 4805
"POST /login/ HTTP/1.1" 200 4805
"POST /login/ HTTP/1.1" 302 0
"GET /dashboard/ HTTP/1.1" 200 7749
Internal Server Error: /cart/
Traceback (most recent call last):
  File "E:\My_file\Python\Lib\django\core\handlers\exception.py", line 55, in inner
    response = get_response(request)
  File "E:\My_file\Python\Lib\django\core\handlers\base.py", line 197, in _get_response
    response = wrapped_callback(request, *callback_args, **callback_kwargs)
  File "E:\My_file\Python\Lib\django\contrib\auth\decorators.py", line 59, in _view_wrapper
    return view_func(request, *args, **kwargs)
  File "E:\учеба\3 курс\Практика\Учебная2\DjangoProject\hotel_booking\views.py", line 1688, in cart_view
    return render(request, 'cart.html', context)
  File "E:\My_file\Python\Lib\django\shortcuts.py", line 25, in render
    content = loader.render_to_string(template_name, context, request, using=using)
  File "E:\My_file\Python\Lib\django\template\loader.py", line 61, in render_to_string
    template = get_template(template_name, using=using)
  File "E:\My_file\Python\Lib\django\template\loader.py", line 15, in get_template
    return engine.get_template(template_name)
           ~~~~~~~~~~~~~~~~~~~^^^^^^^^^^^^^^^
  File "E:\My_file\Python\Lib\django\template\backends\django.py", line 79, in get_template
    return Template(self.engine.get_template(template_name), self)
                    ~~~~~~~~~~~~~~~~~~~~~~~~^^^^^^^^^^^^^^^
  File "E:\My_file\Python\Lib\django\template\engine.py", line 177, in get_template
    template, origin = self.find_template(template_name)
                       ~~~~~~~~~~~~~~~~~~^^^^^^^^^^^^^^^
  File "E:\My_file\Python\Lib\django\template\engine.py", line 159, in find_template
    template = loader.get_template(name, skip=skip)
  File "E:\My_file\Python\Lib\django\template\loaders\cached.py", line 57, in get_template
    template = super().get_template(template_name, skip)
  File "E:\My_file\Python\Lib\django\template\loaders\base.py", line 28, in get_template
    return Template(
        contents,
    ...<2 lines>...
        self.engine,
    )
  File "E:\My_file\Python\Lib\django\template\base.py", line 154, in __init__
    self.nodelist = self.compile_nodelist()
                    ~~~~~~~~~~~~~~~~~~~~~^^
  File "E:\My_file\Python\Lib\django\template\base.py", line 196, in compile_nodelist
    nodelist = parser.parse()
  File "E:\My_file\Python\Lib\django\template\base.py", line 518, in parse
    raise self.error(token, e)
  File "E:\My_file\Python\Lib\django\template\base.py", line 516, in parse
    compiled_result = compile_func(self, token)
  File "E:\My_file\Python\Lib\django\template\loader_tags.py", line 299, in do_extends
    nodelist = parser.parse()
  File "E:\My_file\Python\Lib\django\template\base.py", line 518, in parse
    raise self.error(token, e)
  File "E:\My_file\Python\Lib\django\template\base.py", line 516, in parse
    compiled_result = compile_func(self, token)
  File "E:\My_file\Python\Lib\django\template\loader_tags.py", line 234, in do_block
    nodelist = parser.parse(("endblock",))
  File "E:\My_file\Python\Lib\django\template\base.py", line 518, in parse
    raise self.error(token, e)
  File "E:\My_file\Python\Lib\django\template\base.py", line 516, in parse
    compiled_result = compile_func(self, token)
  File "E:\My_file\Python\Lib\django\template\defaulttags.py", line 962, in do_if
    nodelist = parser.parse(("elif", "else", "endif"))
  File "E:\My_file\Python\Lib\django\template\base.py", line 518, in parse
    raise self.error(token, e)
  File "E:\My_file\Python\Lib\django\template\base.py", line 516, in parse
    compiled_result = compile_func(self, token)
  File "E:\My_file\Python\Lib\django\template\defaulttags.py", line 862, in do_for
    nodelist_loop = parser.parse(
        (
    ...<2 lines>...
        )
    )
  File "E:\My_file\Python\Lib\django\template\base.py", line 489, in parse
    raise self.error(token, e)
  File "E:\My_file\Python\Lib\django\template\base.py", line 487, in parse
    filter_expression = self.compile_filter(token.contents)
  File "E:\My_file\Python\Lib\django\template\base.py", line 609, in compile_filter
    return FilterExpression(token, self)
  File "E:\My_file\Python\Lib\django\template\base.py", line 705, in __init__
    filter_func = parser.find_filter(filter_name)
  File "E:\My_file\Python\Lib\django\template\base.py", line 615, in find_filter
    raise TemplateSyntaxError("Invalid filter: '%s'" % filter_name)
django.template.exceptions.TemplateSyntaxError: Invalid filter: 'get_item'
"GET /cart/ HTTP/1.1" 500 283427
"GET /hotels/search/ HTTP/1.1" 200 15574
"GET / HTTP/1.1" 200 5688
"GET /hotels/search/ HTTP/1.1" 200 15574
Internal Server Error: /cart/
Traceback (most recent call last):
  File "E:\My_file\Python\Lib\django\core\handlers\exception.py", line 55, in inner
    response = get_response(request)
  File "E:\My_file\Python\Lib\django\core\handlers\base.py", line 197, in _get_response
    response = wrapped_callback(request, *callback_args, **callback_kwargs)
  File "E:\My_file\Python\Lib\django\contrib\auth\decorators.py", line 59, in _view_wrapper
    return view_func(request, *args, **kwargs)
  File "E:\учеба\3 курс\Практика\Учебная2\DjangoProject\hotel_booking\views.py", line 1688, in cart_view
    return render(request, 'cart.html', context)
  File "E:\My_file\Python\Lib\django\shortcuts.py", line 25, in render
    content = loader.render_to_string(template_name, context, request, using=using)
  File "E:\My_file\Python\Lib\django\template\loader.py", line 61, in render_to_string
    template = get_template(template_name, using=using)
  File "E:\My_file\Python\Lib\django\template\loader.py", line 15, in get_template
    return engine.get_template(template_name)
           ~~~~~~~~~~~~~~~~~~~^^^^^^^^^^^^^^^
  File "E:\My_file\Python\Lib\django\template\backends\django.py", line 79, in get_template
    return Template(self.engine.get_template(template_name), self)
                    ~~~~~~~~~~~~~~~~~~~~~~~~^^^^^^^^^^^^^^^
  File "E:\My_file\Python\Lib\django\template\engine.py", line 177, in get_template
    template, origin = self.find_template(template_name)
                       ~~~~~~~~~~~~~~~~~~^^^^^^^^^^^^^^^
  File "E:\My_file\Python\Lib\django\template\engine.py", line 159, in find_template
    template = loader.get_template(name, skip=skip)
  File "E:\My_file\Python\Lib\django\template\loaders\cached.py", line 57, in get_template
    template = super().get_template(template_name, skip)
  File "E:\My_file\Python\Lib\django\template\loaders\base.py", line 28, in get_template
    return Template(
        contents,
    ...<2 lines>...
        self.engine,
    )
  File "E:\My_file\Python\Lib\django\template\base.py", line 154, in __init__
    self.nodelist = self.compile_nodelist()
                    ~~~~~~~~~~~~~~~~~~~~~^^
  File "E:\My_file\Python\Lib\django\template\base.py", line 196, in compile_nodelist
    nodelist = parser.parse()
  File "E:\My_file\Python\Lib\django\template\base.py", line 518, in parse
    raise self.error(token, e)
  File "E:\My_file\Python\Lib\django\template\base.py", line 516, in parse
    compiled_result = compile_func(self, token)
  File "E:\My_file\Python\Lib\django\template\loader_tags.py", line 299, in do_extends
    nodelist = parser.parse()
  File "E:\My_file\Python\Lib\django\template\base.py", line 518, in parse
    raise self.error(token, e)
  File "E:\My_file\Python\Lib\django\template\base.py", line 516, in parse
    compiled_result = compile_func(self, token)
  File "E:\My_file\Python\Lib\django\template\loader_tags.py", line 234, in do_block
    nodelist = parser.parse(("endblock",))
  File "E:\My_file\Python\Lib\django\template\base.py", line 518, in parse
    raise self.error(token, e)
  File "E:\My_file\Python\Lib\django\template\base.py", line 516, in parse
    compiled_result = compile_func(self, token)
  File "E:\My_file\Python\Lib\django\template\defaulttags.py", line 962, in do_if
    nodelist = parser.parse(("elif", "else", "endif"))
  File "E:\My_file\Python\Lib\django\template\base.py", line 518, in parse
    raise self.error(token, e)
  File "E:\My_file\Python\Lib\django\template\base.py", line 516, in parse
    compiled_result = compile_func(self, token)
  File "E:\My_file\Python\Lib\django\template\defaulttags.py", line 862, in do_for
    nodelist_loop = parser.parse(
        (
    ...<2 lines>...
        )
    )
  File "E:\My_file\Python\Lib\django\template\base.py", line 489, in parse
    raise self.error(token, e)
  File "E:\My_file\Python\Lib\django\template\base.py", line 487, in parse
    filter_expression = self.compile_filter(token.contents)
  File "E:\My_file\Python\Lib\django\template\base.py", line 609, in compile_filter
    return FilterExpression(token, self)
  File "E:\My_file\Python\Lib\django\template\base.py", line 705, in __init__
    filter_func = parser.find_filter(filter_name)
  File "E:\My_file\Python\Lib\django\template\base.py", line 615, in find_filter
    raise TemplateSyntaxError("Invalid filter: '%s'" % filter_name)
django.template.exceptions.TemplateSyntaxError: Invalid filter: 'get_item'
"GET /cart/ HTTP/1.1" 500 283431
Watching for file changes with StatReloader
"GET /hotels/search/ HTTP/1.1" 200 13332
"GET /cart/ HTTP/1.1" 200 8545
"GET / HTTP/1.1" 200 5688
"GET /hotels/search/ HTTP/1.1" 200 15600
"GET /hotels/ HTTP/1.1" 200 8954
"GET /hotels/6/ HTTP/1.1" 200 6015
"GET /hotels/search/ HTTP/1.1" 200 15600
"GET / HTTP/1.1" 200 5688
"GET /hotels/search/ HTTP/1.1" 200 15600
Watching for file changes with StatReloader
"GET /logout/ HTTP/1.1" 302 0
"GET / HTTP/1.1" 200 3732
"GET /login/ HTTP/1.1" 200 4202
"POST /login/ HTTP/1.1" 200 4805
"POST /login/ HTTP/1.1" 200 4805
"POST /login/ HTTP/1.1" 200 4805
"POST /login/ HTTP/1.1" 302 0
"GET /dashboard/ HTTP/1.1" 200 7749
"GET /hotels/search/ HTTP/1.1" 200 15600
Watching for file changes with StatReloader
Internal Server Error: /hotels/search/
Traceback (most recent call last):
  File "E:\My_file\Python\Lib\django\core\handlers\exception.py", line 55, in inner
    response = get_response(request)
  File "E:\My_file\Python\Lib\django\core\handlers\base.py", line 197, in _get_response
    response = wrapped_callback(request, *callback_args, **callback_kwargs)
  File "E:\учеба\3 курс\Практика\Учебная2\DjangoProject\hotel_booking\views.py", line 371, in hotel_search_view
    return render(request, 'hotel_search.html', context)
  File "E:\My_file\Python\Lib\django\shortcuts.py", line 25, in render
    content = loader.render_to_string(template_name, context, request, using=using)
  File "E:\My_file\Python\Lib\django\template\loader.py", line 62, in render_to_string
    return template.render(context, request)
           ~~~~~~~~~~~~~~~^^^^^^^^^^^^^^^^^^
  File "E:\My_file\Python\Lib\django\template\backends\django.py", line 107, in render
    return self.template.render(context)
           ~~~~~~~~~~~~~~~~~~~~^^^^^^^^^
  File "E:\My_file\Python\Lib\django\template\base.py", line 171, in render
    return self._render(context)
           ~~~~~~~~~~~~^^^^^^^^^
  File "E:\My_file\Python\Lib\django\template\base.py", line 163, in _render
    return self.nodelist.render(context)
           ~~~~~~~~~~~~~~~~~~~~^^^^^^^^^
  File "E:\My_file\Python\Lib\django\template\base.py", line 1016, in render
    return SafeString("".join([node.render_annotated(context) for node in self]))
                               ~~~~~~~~~~~~~~~~~~~~~^^^^^^^^^
  File "E:\My_file\Python\Lib\django\template\base.py", line 977, in render_annotated
    return self.render(context)
           ~~~~~~~~~~~^^^^^^^^^
  File "E:\My_file\Python\Lib\django\template\loader_tags.py", line 159, in render
    return compiled_parent._render(context)
           ~~~~~~~~~~~~~~~~~~~~~~~^^^^^^^^^
  File "E:\My_file\Python\Lib\django\template\base.py", line 163, in _render
    return self.nodelist.render(context)
           ~~~~~~~~~~~~~~~~~~~~^^^^^^^^^
  File "E:\My_file\Python\Lib\django\template\base.py", line 1016, in render
    return SafeString("".join([node.render_annotated(context) for node in self]))
                               ~~~~~~~~~~~~~~~~~~~~~^^^^^^^^^
  File "E:\My_file\Python\Lib\django\template\base.py", line 977, in render_annotated
    return self.render(context)
           ~~~~~~~~~~~^^^^^^^^^
  File "E:\My_file\Python\Lib\django\template\loader_tags.py", line 65, in render
    result = block.nodelist.render(context)
  File "E:\My_file\Python\Lib\django\template\base.py", line 1016, in render
    return SafeString("".join([node.render_annotated(context) for node in self]))
                               ~~~~~~~~~~~~~~~~~~~~~^^^^^^^^^
  File "E:\My_file\Python\Lib\django\template\base.py", line 977, in render_annotated
    return self.render(context)
           ~~~~~~~~~~~^^^^^^^^^
  File "E:\My_file\Python\Lib\django\template\defaulttags.py", line 243, in render
    nodelist.append(node.render_annotated(context))
                    ~~~~~~~~~~~~~~~~~~~~~^^^^^^^^^
  File "E:\My_file\Python\Lib\django\template\base.py", line 977, in render_annotated
    return self.render(context)
           ~~~~~~~~~~~^^^^^^^^^
  File "E:\My_file\Python\Lib\django\template\defaulttags.py", line 480, in render
    url = reverse(view_name, args=args, kwargs=kwargs, current_app=current_app)
  File "E:\My_file\Python\Lib\django\urls\base.py", line 98, in reverse
    resolved_url = resolver._reverse_with_prefix(view, prefix, *args, **kwargs)
  File "E:\My_file\Python\Lib\django\urls\resolvers.py", line 831, in _reverse_with_prefix
    raise NoReverseMatch(msg)
django.urls.exceptions.NoReverseMatch: Reverse for 'hotel_detail' with arguments '('',)' not found. 1 pattern(s) tried: ['hotels/(?P<pk>[0-9]+)/\\Z']
"GET /hotels/search/ HTTP/1.1" 500 185103
Internal Server Error: /hotels/search/
Traceback (most recent call last):
  File "E:\My_file\Python\Lib\django\core\handlers\exception.py", line 55, in inner
    response = get_response(request)
  File "E:\My_file\Python\Lib\django\core\handlers\base.py", line 197, in _get_response
    response = wrapped_callback(request, *callback_args, **callback_kwargs)
  File "E:\учеба\3 курс\Практика\Учебная2\DjangoProject\hotel_booking\views.py", line 371, in hotel_search_view
    return render(request, 'hotel_search.html', context)
  File "E:\My_file\Python\Lib\django\shortcuts.py", line 25, in render
    content = loader.render_to_string(template_name, context, request, using=using)
  File "E:\My_file\Python\Lib\django\template\loader.py", line 62, in render_to_string
    return template.render(context, request)
           ~~~~~~~~~~~~~~~^^^^^^^^^^^^^^^^^^
  File "E:\My_file\Python\Lib\django\template\backends\django.py", line 107, in render
    return self.template.render(context)
           ~~~~~~~~~~~~~~~~~~~~^^^^^^^^^
  File "E:\My_file\Python\Lib\django\template\base.py", line 171, in render
    return self._render(context)
           ~~~~~~~~~~~~^^^^^^^^^
  File "E:\My_file\Python\Lib\django\template\base.py", line 163, in _render
    return self.nodelist.render(context)
           ~~~~~~~~~~~~~~~~~~~~^^^^^^^^^
  File "E:\My_file\Python\Lib\django\template\base.py", line 1016, in render
    return SafeString("".join([node.render_annotated(context) for node in self]))
                               ~~~~~~~~~~~~~~~~~~~~~^^^^^^^^^
  File "E:\My_file\Python\Lib\django\template\base.py", line 977, in render_annotated
    return self.render(context)
           ~~~~~~~~~~~^^^^^^^^^
  File "E:\My_file\Python\Lib\django\template\loader_tags.py", line 159, in render
    return compiled_parent._render(context)
           ~~~~~~~~~~~~~~~~~~~~~~~^^^^^^^^^
  File "E:\My_file\Python\Lib\django\template\base.py", line 163, in _render
    return self.nodelist.render(context)
           ~~~~~~~~~~~~~~~~~~~~^^^^^^^^^
  File "E:\My_file\Python\Lib\django\template\base.py", line 1016, in render
    return SafeString("".join([node.render_annotated(context) for node in self]))
                               ~~~~~~~~~~~~~~~~~~~~~^^^^^^^^^
  File "E:\My_file\Python\Lib\django\template\base.py", line 977, in render_annotated
    return self.render(context)
           ~~~~~~~~~~~^^^^^^^^^
  File "E:\My_file\Python\Lib\django\template\loader_tags.py", line 65, in render
    result = block.nodelist.render(context)
  File "E:\My_file\Python\Lib\django\template\base.py", line 1016, in render
    return SafeString("".join([node.render_annotated(context) for node in self]))
                               ~~~~~~~~~~~~~~~~~~~~~^^^^^^^^^
  File "E:\My_file\Python\Lib\django\template\base.py", line 977, in render_annotated
    return self.render(context)
           ~~~~~~~~~~~^^^^^^^^^
  File "E:\My_file\Python\Lib\django\template\defaulttags.py", line 243, in render
    nodelist.append(node.render_annotated(context))
                    ~~~~~~~~~~~~~~~~~~~~~^^^^^^^^^
  File "E:\My_file\Python\Lib\django\template\base.py", line 977, in render_annotated
    return self.render(context)
           ~~~~~~~~~~~^^^^^^^^^
  File "E:\My_file\Python\Lib\django\template\defaulttags.py", line 480, in render
    url = reverse(view_name, args=args, kwargs=kwargs, current_app=current_app)
  File "E:\My_file\Python\Lib\django\urls\base.py", line 98, in reverse
    resolved_url = resolver._reverse_with_prefix(view, prefix, *args, **kwargs)
  File "E:\My_file\Python\Lib\django\urls\resolvers.py", line 831, in _reverse_with_prefix
    raise NoReverseMatch(msg)
django.urls.exceptions.NoReverseMatch: Reverse for 'hotel_detail' with arguments '('',)' not found. 1 pattern(s) tried: ['hotels/(?P<pk>[0-9]+)/\\Z']
"GET /hotels/search/ HTTP/1.1" 500 186546
Watching for file changes with StatReloader
Internal Server Error: /hotels/search/
Traceback (most recent call last):
  File "E:\My_file\Python\Lib\django\core\handlers\exception.py", line 55, in inner
    response = get_response(request)
  File "E:\My_file\Python\Lib\django\core\handlers\base.py", line 197, in _get_response
    response = wrapped_callback(request, *callback_args, **callback_kwargs)
  File "E:\учеба\3 курс\Практика\Учебная2\DjangoProject\hotel_booking\views.py", line 374, in hotel_search_view
    return render(request, 'hotel_search.html', context)
  File "E:\My_file\Python\Lib\django\shortcuts.py", line 25, in render
    content = loader.render_to_string(template_name, context, request, using=using)
  File "E:\My_file\Python\Lib\django\template\loader.py", line 62, in render_to_string
    return template.render(context, request)
           ~~~~~~~~~~~~~~~^^^^^^^^^^^^^^^^^^
  File "E:\My_file\Python\Lib\django\template\backends\django.py", line 107, in render
    return self.template.render(context)
           ~~~~~~~~~~~~~~~~~~~~^^^^^^^^^
  File "E:\My_file\Python\Lib\django\template\base.py", line 171, in render
    return self._render(context)
           ~~~~~~~~~~~~^^^^^^^^^
  File "E:\My_file\Python\Lib\django\template\base.py", line 163, in _render
    return self.nodelist.render(context)
           ~~~~~~~~~~~~~~~~~~~~^^^^^^^^^
  File "E:\My_file\Python\Lib\django\template\base.py", line 1016, in render
    return SafeString("".join([node.render_annotated(context) for node in self]))
                               ~~~~~~~~~~~~~~~~~~~~~^^^^^^^^^
  File "E:\My_file\Python\Lib\django\template\base.py", line 977, in render_annotated
    return self.render(context)
           ~~~~~~~~~~~^^^^^^^^^
  File "E:\My_file\Python\Lib\django\template\loader_tags.py", line 159, in render
    return compiled_parent._render(context)
           ~~~~~~~~~~~~~~~~~~~~~~~^^^^^^^^^
  File "E:\My_file\Python\Lib\django\template\base.py", line 163, in _render
    return self.nodelist.render(context)
           ~~~~~~~~~~~~~~~~~~~~^^^^^^^^^
  File "E:\My_file\Python\Lib\django\template\base.py", line 1016, in render
    return SafeString("".join([node.render_annotated(context) for node in self]))
                               ~~~~~~~~~~~~~~~~~~~~~^^^^^^^^^
  File "E:\My_file\Python\Lib\django\template\base.py", line 977, in render_annotated
    return self.render(context)
           ~~~~~~~~~~~^^^^^^^^^
  File "E:\My_file\Python\Lib\django\template\loader_tags.py", line 65, in render
    result = block.nodelist.render(context)
  File "E:\My_file\Python\Lib\django\template\base.py", line 1016, in render
    return SafeString("".join([node.render_annotated(context) for node in self]))
                               ~~~~~~~~~~~~~~~~~~~~~^^^^^^^^^
  File "E:\My_file\Python\Lib\django\template\base.py", line 977, in render_annotated
    return self.render(context)
           ~~~~~~~~~~~^^^^^^^^^
  File "E:\My_file\Python\Lib\django\template\defaulttags.py", line 243, in render
    nodelist.append(node.render_annotated(context))
                    ~~~~~~~~~~~~~~~~~~~~~^^^^^^^^^
  File "E:\My_file\Python\Lib\django\template\base.py", line 977, in render_annotated
    return self.render(context)
           ~~~~~~~~~~~^^^^^^^^^
  File "E:\My_file\Python\Lib\django\template\defaulttags.py", line 198, in render
    values = list(values)
TypeError: 'int' object is not iterable
"GET /hotels/search/ HTTP/1.1" 500 169120
Internal Server Error: /hotels/search/
Traceback (most recent call last):
  File "E:\My_file\Python\Lib\django\core\handlers\exception.py", line 55, in inner
    response = get_response(request)
  File "E:\My_file\Python\Lib\django\core\handlers\base.py", line 197, in _get_response
    response = wrapped_callback(request, *callback_args, **callback_kwargs)
  File "E:\учеба\3 курс\Практика\Учебная2\DjangoProject\hotel_booking\views.py", line 374, in hotel_search_view
    return render(request, 'hotel_search.html', context)
  File "E:\My_file\Python\Lib\django\shortcuts.py", line 25, in render
    content = loader.render_to_string(template_name, context, request, using=using)
  File "E:\My_file\Python\Lib\django\template\loader.py", line 62, in render_to_string
    return template.render(context, request)
           ~~~~~~~~~~~~~~~^^^^^^^^^^^^^^^^^^
  File "E:\My_file\Python\Lib\django\template\backends\django.py", line 107, in render
    return self.template.render(context)
           ~~~~~~~~~~~~~~~~~~~~^^^^^^^^^
  File "E:\My_file\Python\Lib\django\template\base.py", line 171, in render
    return self._render(context)
           ~~~~~~~~~~~~^^^^^^^^^
  File "E:\My_file\Python\Lib\django\template\base.py", line 163, in _render
    return self.nodelist.render(context)
           ~~~~~~~~~~~~~~~~~~~~^^^^^^^^^
  File "E:\My_file\Python\Lib\django\template\base.py", line 1016, in render
    return SafeString("".join([node.render_annotated(context) for node in self]))
                               ~~~~~~~~~~~~~~~~~~~~~^^^^^^^^^
  File "E:\My_file\Python\Lib\django\template\base.py", line 977, in render_annotated
    return self.render(context)
           ~~~~~~~~~~~^^^^^^^^^
  File "E:\My_file\Python\Lib\django\template\loader_tags.py", line 159, in render
    return compiled_parent._render(context)
           ~~~~~~~~~~~~~~~~~~~~~~~^^^^^^^^^
  File "E:\My_file\Python\Lib\django\template\base.py", line 163, in _render
    return self.nodelist.render(context)
           ~~~~~~~~~~~~~~~~~~~~^^^^^^^^^
  File "E:\My_file\Python\Lib\django\template\base.py", line 1016, in render
    return SafeString("".join([node.render_annotated(context) for node in self]))
                               ~~~~~~~~~~~~~~~~~~~~~^^^^^^^^^
  File "E:\My_file\Python\Lib\django\template\base.py", line 977, in render_annotated
    return self.render(context)
           ~~~~~~~~~~~^^^^^^^^^
  File "E:\My_file\Python\Lib\django\template\loader_tags.py", line 65, in render
    result = block.nodelist.render(context)
  File "E:\My_file\Python\Lib\django\template\base.py", line 1016, in render
    return SafeString("".join([node.render_annotated(context) for node in self]))
                               ~~~~~~~~~~~~~~~~~~~~~^^^^^^^^^
  File "E:\My_file\Python\Lib\django\template\base.py", line 977, in render_annotated
    return self.render(context)
           ~~~~~~~~~~~^^^^^^^^^
  File "E:\My_file\Python\Lib\django\template\defaulttags.py", line 243, in render
    nodelist.append(node.render_annotated(context))
                    ~~~~~~~~~~~~~~~~~~~~~^^^^^^^^^
  File "E:\My_file\Python\Lib\django\template\base.py", line 977, in render_annotated
    return self.render(context)
           ~~~~~~~~~~~^^^^^^^^^
  File "E:\My_file\Python\Lib\django\template\defaulttags.py", line 198, in render
    values = list(values)
TypeError: 'int' object is not iterable
"GET /hotels/search/ HTTP/1.1" 500 170563
"GET /dashboard/ HTTP/1.1" 200 7433
Internal Server Error: /hotels/search/
Traceback (most recent call last):
  File "E:\My_file\Python\Lib\django\core\handlers\exception.py", line 55, in inner
    response = get_response(request)
  File "E:\My_file\Python\Lib\django\core\handlers\base.py", line 197, in _get_response
    response = wrapped_callback(request, *callback_args, **callback_kwargs)
  File "E:\учеба\3 курс\Практика\Учебная2\DjangoProject\hotel_booking\views.py", line 374, in hotel_search_view
    return render(request, 'hotel_search.html', context)
  File "E:\My_file\Python\Lib\django\shortcuts.py", line 25, in render
    content = loader.render_to_string(template_name, context, request, using=using)
  File "E:\My_file\Python\Lib\django\template\loader.py", line 62, in render_to_string
    return template.render(context, request)
           ~~~~~~~~~~~~~~~^^^^^^^^^^^^^^^^^^
  File "E:\My_file\Python\Lib\django\template\backends\django.py", line 107, in render
    return self.template.render(context)
           ~~~~~~~~~~~~~~~~~~~~^^^^^^^^^
  File "E:\My_file\Python\Lib\django\template\base.py", line 171, in render
    return self._render(context)
           ~~~~~~~~~~~~^^^^^^^^^
  File "E:\My_file\Python\Lib\django\template\base.py", line 163, in _render
    return self.nodelist.render(context)
           ~~~~~~~~~~~~~~~~~~~~^^^^^^^^^
  File "E:\My_file\Python\Lib\django\template\base.py", line 1016, in render
    return SafeString("".join([node.render_annotated(context) for node in self]))
                               ~~~~~~~~~~~~~~~~~~~~~^^^^^^^^^
  File "E:\My_file\Python\Lib\django\template\base.py", line 977, in render_annotated
    return self.render(context)
           ~~~~~~~~~~~^^^^^^^^^
  File "E:\My_file\Python\Lib\django\template\loader_tags.py", line 159, in render
    return compiled_parent._render(context)
           ~~~~~~~~~~~~~~~~~~~~~~~^^^^^^^^^
  File "E:\My_file\Python\Lib\django\template\base.py", line 163, in _render
    return self.nodelist.render(context)
           ~~~~~~~~~~~~~~~~~~~~^^^^^^^^^
  File "E:\My_file\Python\Lib\django\template\base.py", line 1016, in render
    return SafeString("".join([node.render_annotated(context) for node in self]))
                               ~~~~~~~~~~~~~~~~~~~~~^^^^^^^^^
  File "E:\My_file\Python\Lib\django\template\base.py", line 977, in render_annotated
    return self.render(context)
           ~~~~~~~~~~~^^^^^^^^^
  File "E:\My_file\Python\Lib\django\template\loader_tags.py", line 65, in render
    result = block.nodelist.render(context)
  File "E:\My_file\Python\Lib\django\template\base.py", line 1016, in render
    return SafeString("".join([node.render_annotated(context) for node in self]))
                               ~~~~~~~~~~~~~~~~~~~~~^^^^^^^^^
  File "E:\My_file\Python\Lib\django\template\base.py", line 977, in render_annotated
    return self.render(context)
           ~~~~~~~~~~~^^^^^^^^^
  File "E:\My_file\Python\Lib\django\template\defaulttags.py", line 243, in render
    nodelist.append(node.render_annotated(context))
                    ~~~~~~~~~~~~~~~~~~~~~^^^^^^^^^
  File "E:\My_file\Python\Lib\django\template\base.py", line 977, in render_annotated
    return self.render(context)
           ~~~~~~~~~~~^^^^^^^^^
  File "E:\My_file\Python\Lib\django\template\defaulttags.py", line 198, in render
    values = list(values)
TypeError: 'int' object is not iterable
"GET /hotels/search/ HTTP/1.1" 500 170426
Watching for file changes with StatReloader
Internal Server Error: /hotels/search/
Traceback (most recent call last):
  File "E:\My_file\Python\Lib\django\core\handlers\exception.py", line 55, in inner
    response = get_response(request)
  File "E:\My_file\Python\Lib\django\core\handlers\base.py", line 197, in _get_response
    response = wrapped_callback(request, *callback_args, **callback_kwargs)
  File "E:\учеба\3 курс\Практика\Учебная2\DjangoProject\hotel_booking\views.py", line 374, in hotel_search_view
    return render(request, 'hotel_search.html', context)
  File "E:\My_file\Python\Lib\django\shortcuts.py", line 25, in render
    content = loader.render_to_string(template_name, context, request, using=using)
  File "E:\My_file\Python\Lib\django\template\loader.py", line 62, in render_to_string
    return template.render(context, request)
           ~~~~~~~~~~~~~~~^^^^^^^^^^^^^^^^^^
  File "E:\My_file\Python\Lib\django\template\backends\django.py", line 107, in render
    return self.template.render(context)
           ~~~~~~~~~~~~~~~~~~~~^^^^^^^^^
  File "E:\My_file\Python\Lib\django\template\base.py", line 171, in render
    return self._render(context)
           ~~~~~~~~~~~~^^^^^^^^^
  File "E:\My_file\Python\Lib\django\template\base.py", line 163, in _render
    return self.nodelist.render(context)
           ~~~~~~~~~~~~~~~~~~~~^^^^^^^^^
  File "E:\My_file\Python\Lib\django\template\base.py", line 1016, in render
    return SafeString("".join([node.render_annotated(context) for node in self]))
                               ~~~~~~~~~~~~~~~~~~~~~^^^^^^^^^
  File "E:\My_file\Python\Lib\django\template\base.py", line 977, in render_annotated
    return self.render(context)
           ~~~~~~~~~~~^^^^^^^^^
  File "E:\My_file\Python\Lib\django\template\loader_tags.py", line 159, in render
    return compiled_parent._render(context)
           ~~~~~~~~~~~~~~~~~~~~~~~^^^^^^^^^
  File "E:\My_file\Python\Lib\django\template\base.py", line 163, in _render
    return self.nodelist.render(context)
           ~~~~~~~~~~~~~~~~~~~~^^^^^^^^^
  File "E:\My_file\Python\Lib\django\template\base.py", line 1016, in render
    return SafeString("".join([node.render_annotated(context) for node in self]))
                               ~~~~~~~~~~~~~~~~~~~~~^^^^^^^^^
  File "E:\My_file\Python\Lib\django\template\base.py", line 977, in render_annotated
    return self.render(context)
           ~~~~~~~~~~~^^^^^^^^^
  File "E:\My_file\Python\Lib\django\template\loader_tags.py", line 65, in render
    result = block.nodelist.render(context)
  File "E:\My_file\Python\Lib\django\template\base.py", line 1016, in render
    return SafeString("".join([node.render_annotated(context) for node in self]))
                               ~~~~~~~~~~~~~~~~~~~~~^^^^^^^^^
  File "E:\My_file\Python\Lib\django\template\base.py", line 977, in render_annotated
    return self.render(context)
           ~~~~~~~~~~~^^^^^^^^^
  File "E:\My_file\Python\Lib\django\template\defaulttags.py", line 243, in render
    nodelist.append(node.render_annotated(context))
                    ~~~~~~~~~~~~~~~~~~~~~^^^^^^^^^
  File "E:\My_file\Python\Lib\django\template\base.py", line 977, in render_annotated
    return self.render(context)
           ~~~~~~~~~~~^^^^^^^^^
  File "E:\My_file\Python\Lib\django\template\defaulttags.py", line 198, in render
    values = list(values)
TypeError: 'int' object is not iterable
"GET /hotels/search/ HTTP/1.1" 500 169412
Internal Server Error: /hotels/search/
Traceback (most recent call last):
  File "E:\My_file\Python\Lib\django\core\handlers\exception.py", line 55, in inner
    response = get_response(request)
  File "E:\My_file\Python\Lib\django\core\handlers\base.py", line 197, in _get_response
    response = wrapped_callback(request, *callback_args, **callback_kwargs)
  File "E:\учеба\3 курс\Практика\Учебная2\DjangoProject\hotel_booking\views.py", line 374, in hotel_search_view
    return render(request, 'hotel_search.html', context)
  File "E:\My_file\Python\Lib\django\shortcuts.py", line 25, in render
    content = loader.render_to_string(template_name, context, request, using=using)
  File "E:\My_file\Python\Lib\django\template\loader.py", line 62, in render_to_string
    return template.render(context, request)
           ~~~~~~~~~~~~~~~^^^^^^^^^^^^^^^^^^
  File "E:\My_file\Python\Lib\django\template\backends\django.py", line 107, in render
    return self.template.render(context)
           ~~~~~~~~~~~~~~~~~~~~^^^^^^^^^
  File "E:\My_file\Python\Lib\django\template\base.py", line 171, in render
    return self._render(context)
           ~~~~~~~~~~~~^^^^^^^^^
  File "E:\My_file\Python\Lib\django\template\base.py", line 163, in _render
    return self.nodelist.render(context)
           ~~~~~~~~~~~~~~~~~~~~^^^^^^^^^
  File "E:\My_file\Python\Lib\django\template\base.py", line 1016, in render
    return SafeString("".join([node.render_annotated(context) for node in self]))
                               ~~~~~~~~~~~~~~~~~~~~~^^^^^^^^^
  File "E:\My_file\Python\Lib\django\template\base.py", line 977, in render_annotated
    return self.render(context)
           ~~~~~~~~~~~^^^^^^^^^
  File "E:\My_file\Python\Lib\django\template\loader_tags.py", line 159, in render
    return compiled_parent._render(context)
           ~~~~~~~~~~~~~~~~~~~~~~~^^^^^^^^^
  File "E:\My_file\Python\Lib\django\template\base.py", line 163, in _render
    return self.nodelist.render(context)
           ~~~~~~~~~~~~~~~~~~~~^^^^^^^^^
  File "E:\My_file\Python\Lib\django\template\base.py", line 1016, in render
    return SafeString("".join([node.render_annotated(context) for node in self]))
                               ~~~~~~~~~~~~~~~~~~~~~^^^^^^^^^
  File "E:\My_file\Python\Lib\django\template\base.py", line 977, in render_annotated
    return self.render(context)
           ~~~~~~~~~~~^^^^^^^^^
  File "E:\My_file\Python\Lib\django\template\loader_tags.py", line 65, in render
    result = block.nodelist.render(context)
  File "E:\My_file\Python\Lib\django\template\base.py", line 1016, in render
    return SafeString("".join([node.render_annotated(context) for node in self]))
                               ~~~~~~~~~~~~~~~~~~~~~^^^^^^^^^
  File "E:\My_file\Python\Lib\django\template\base.py", line 977, in render_annotated
    return self.render(context)
           ~~~~~~~~~~~^^^^^^^^^
  File "E:\My_file\Python\Lib\django\template\defaulttags.py", line 243, in render
    nodelist.append(node.render_annotated(context))
                    ~~~~~~~~~~~~~~~~~~~~~^^^^^^^^^
  File "E:\My_file\Python\Lib\django\template\base.py", line 977, in render_annotated
    return self.render(context)
           ~~~~~~~~~~~^^^^^^^^^
  File "E:\My_file\Python\Lib\django\template\defaulttags.py", line 198, in render
    values = list(values)
TypeError: 'int' object is not iterable
"GET /hotels/search/ HTTP/1.1" 500 170855
Watching for file changes with StatReloader
Internal Server Error: /hotels/search/
Traceback (most recent call last):
  File "E:\My_file\Python\Lib\django\core\handlers\exception.py", line 55, in inner
    response = get_response(request)
  File "E:\My_file\Python\Lib\django\core\handlers\base.py", line 197, in _get_response
    response = wrapped_callback(request, *callback_args, **callback_kwargs)
  File "E:\учеба\3 курс\Практика\Учебная2\DjangoProject\hotel_booking\views.py", line 374, in hotel_search_view
    return render(request, 'hotel_search.html', context)
  File "E:\My_file\Python\Lib\django\shortcuts.py", line 25, in render
    content = loader.render_to_string(template_name, context, request, using=using)
  File "E:\My_file\Python\Lib\django\template\loader.py", line 62, in render_to_string
    return template.render(context, request)
           ~~~~~~~~~~~~~~~^^^^^^^^^^^^^^^^^^
  File "E:\My_file\Python\Lib\django\template\backends\django.py", line 107, in render
    return self.template.render(context)
           ~~~~~~~~~~~~~~~~~~~~^^^^^^^^^
  File "E:\My_file\Python\Lib\django\template\base.py", line 171, in render
    return self._render(context)
           ~~~~~~~~~~~~^^^^^^^^^
  File "E:\My_file\Python\Lib\django\template\base.py", line 163, in _render
    return self.nodelist.render(context)
           ~~~~~~~~~~~~~~~~~~~~^^^^^^^^^
  File "E:\My_file\Python\Lib\django\template\base.py", line 1016, in render
    return SafeString("".join([node.render_annotated(context) for node in self]))
                               ~~~~~~~~~~~~~~~~~~~~~^^^^^^^^^
  File "E:\My_file\Python\Lib\django\template\base.py", line 977, in render_annotated
    return self.render(context)
           ~~~~~~~~~~~^^^^^^^^^
  File "E:\My_file\Python\Lib\django\template\loader_tags.py", line 159, in render
    return compiled_parent._render(context)
           ~~~~~~~~~~~~~~~~~~~~~~~^^^^^^^^^
  File "E:\My_file\Python\Lib\django\template\base.py", line 163, in _render
    return self.nodelist.render(context)
           ~~~~~~~~~~~~~~~~~~~~^^^^^^^^^
  File "E:\My_file\Python\Lib\django\template\base.py", line 1016, in render
    return SafeString("".join([node.render_annotated(context) for node in self]))
                               ~~~~~~~~~~~~~~~~~~~~~^^^^^^^^^
  File "E:\My_file\Python\Lib\django\template\base.py", line 977, in render_annotated
    return self.render(context)
           ~~~~~~~~~~~^^^^^^^^^
  File "E:\My_file\Python\Lib\django\template\loader_tags.py", line 65, in render
    result = block.nodelist.render(context)
  File "E:\My_file\Python\Lib\django\template\base.py", line 1016, in render
    return SafeString("".join([node.render_annotated(context) for node in self]))
                               ~~~~~~~~~~~~~~~~~~~~~^^^^^^^^^
  File "E:\My_file\Python\Lib\django\template\base.py", line 977, in render_annotated
    return self.render(context)
           ~~~~~~~~~~~^^^^^^^^^
  File "E:\My_file\Python\Lib\django\template\defaulttags.py", line 243, in render
    nodelist.append(node.render_annotated(context))
                    ~~~~~~~~~~~~~~~~~~~~~^^^^^^^^^
  File "E:\My_file\Python\Lib\django\template\base.py", line 977, in render_annotated
    return self.render(context)
           ~~~~~~~~~~~^^^^^^^^^
  File "E:\My_file\Python\Lib\django\template\defaulttags.py", line 550, in render
    return self.nodelist.render(context)
           ~~~~~~~~~~~~~~~~~~~~^^^^^^^^^
  File "E:\My_file\Python\Lib\django\template\base.py", line 1016, in render
    return SafeString("".join([node.render_annotated(context) for node in self]))
                               ~~~~~~~~~~~~~~~~~~~~~^^^^^^^^^
  File "E:\My_file\Python\Lib\django\template\base.py", line 977, in render_annotated
    return self.render(context)
           ~~~~~~~~~~~^^^^^^^^^
  File "E:\My_file\Python\Lib\django\template\defaulttags.py", line 198, in render
    values = list(values)
TypeError: 'int' object is not iterable
"GET /hotels/search/ HTTP/1.1" 500 181015
Watching for file changes with StatReloader
"GET /hotels/search/ HTTP/1.1" 200 23466
"GET /hotels/search/ HTTP/1.1" 200 25734
"GET /hotels/2/ HTTP/1.1" 200 6047
"GET /profile/edit/ HTTP/1.1" 200 13005
"GET /logout/ HTTP/1.1" 302 0
"GET / HTTP/1.1" 200 3732
"GET /hotels/search/ HTTP/1.1" 200 23466
"GET /login/ HTTP/1.1" 200 4202
"POST /login/ HTTP/1.1" 302 0
"GET /dashboard/ HTTP/1.1" 200 6485
"GET / HTTP/1.1" 200 4444
"GET /hotels/search/ HTTP/1.1" 200 24490
"GET / HTTP/1.1" 200 4444
"GET /dashboard/ HTTP/1.1" 200 6171
"GET /hotels/search/ HTTP/1.1" 200 24490
"GET /hotels/1/ HTTP/1.1" 200 4806
"GET /hotels/1/update/ HTTP/1.1" 200 6634
"GET / HTTP/1.1" 200 4444
"GET / HTTP/1.1" 200 4444
"GET /logout/ HTTP/1.1" 302 0
"GET / HTTP/1.1" 200 3732
"GET /login/ HTTP/1.1" 200 4202
"POST /login/ HTTP/1.1" 200 4805
"POST /login/ HTTP/1.1" 302 0
"GET /dashboard/ HTTP/1.1" 200 6477
"GET /hotels/search/ HTTP/1.1" 200 24490
"GET /hotels/1/ HTTP/1.1" 200 4806
"GET /hotels/1/update/ HTTP/1.1" 200 6634
"GET /hotels/1/ HTTP/1.1" 200 4806
Watching for file changes with StatReloader
"GET / HTTP/1.1" 200 4444
"GET /hotels/search/ HTTP/1.1" 200 24490
"GET /hotels/1/ HTTP/1.1" 200 20833
"GET /hotels/6/ HTTP/1.1" 200 17877
"POST /cart/add/ HTTP/1.1" 302 0
Internal Server Error: /cart/
Traceback (most recent call last):
  File "E:\My_file\Python\Lib\django\template\base.py", line 890, in _resolve_lookup
    raise TypeError
TypeError

During handling of the above exception, another exception occurred:

Traceback (most recent call last):
  File "E:\My_file\Python\Lib\django\template\base.py", line 901, in _resolve_lookup
    current = getattr(current, bit)
AttributeError: 'int' object has no attribute 'prefix'

During handling of the above exception, another exception occurred:

Traceback (most recent call last):
  File "E:\My_file\Python\Lib\django\template\base.py", line 907, in _resolve_lookup
    current = current[int(bit)]
                      ~~~^^^^^
ValueError: invalid literal for int() with base 10: 'prefix'

During handling of the above exception, another exception occurred:

Traceback (most recent call last):
  File "E:\My_file\Python\Lib\django\core\handlers\exception.py", line 55, in inner
    response = get_response(request)
  File "E:\My_file\Python\Lib\django\core\handlers\base.py", line 197, in _get_response
    response = wrapped_callback(request, *callback_args, **callback_kwargs)
  File "E:\My_file\Python\Lib\django\contrib\auth\decorators.py", line 59, in _view_wrapper
    return view_func(request, *args, **kwargs)
  File "E:\учеба\3 курс\Практика\Учебная2\DjangoProject\hotel_booking\views.py", line 1696, in cart_view
    return render(request, 'cart.html', context)
  File "E:\My_file\Python\Lib\django\shortcuts.py", line 25, in render
    content = loader.render_to_string(template_name, context, request, using=using)
  File "E:\My_file\Python\Lib\django\template\loader.py", line 62, in render_to_string
    return template.render(context, request)
           ~~~~~~~~~~~~~~~^^^^^^^^^^^^^^^^^^
  File "E:\My_file\Python\Lib\django\template\backends\django.py", line 107, in render
    return self.template.render(context)
           ~~~~~~~~~~~~~~~~~~~~^^^^^^^^^
  File "E:\My_file\Python\Lib\django\template\base.py", line 171, in render
    return self._render(context)
           ~~~~~~~~~~~~^^^^^^^^^
  File "E:\My_file\Python\Lib\django\template\base.py", line 163, in _render
    return self.nodelist.render(context)
           ~~~~~~~~~~~~~~~~~~~~^^^^^^^^^
  File "E:\My_file\Python\Lib\django\template\base.py", line 1016, in render
    return SafeString("".join([node.render_annotated(context) for node in self]))
                               ~~~~~~~~~~~~~~~~~~~~~^^^^^^^^^
  File "E:\My_file\Python\Lib\django\template\base.py", line 977, in render_annotated
    return self.render(context)
           ~~~~~~~~~~~^^^^^^^^^
  File "E:\My_file\Python\Lib\django\template\loader_tags.py", line 159, in render
    return compiled_parent._render(context)
           ~~~~~~~~~~~~~~~~~~~~~~~^^^^^^^^^
  File "E:\My_file\Python\Lib\django\template\base.py", line 163, in _render
    return self.nodelist.render(context)
           ~~~~~~~~~~~~~~~~~~~~^^^^^^^^^
  File "E:\My_file\Python\Lib\django\template\base.py", line 1016, in render
    return SafeString("".join([node.render_annotated(context) for node in self]))
                               ~~~~~~~~~~~~~~~~~~~~~^^^^^^^^^
  File "E:\My_file\Python\Lib\django\template\base.py", line 977, in render_annotated
    return self.render(context)
           ~~~~~~~~~~~^^^^^^^^^
  File "E:\My_file\Python\Lib\django\template\loader_tags.py", line 65, in render
    result = block.nodelist.render(context)
  File "E:\My_file\Python\Lib\django\template\base.py", line 1016, in render
    return SafeString("".join([node.render_annotated(context) for node in self]))
                               ~~~~~~~~~~~~~~~~~~~~~^^^^^^^^^
  File "E:\My_file\Python\Lib\django\template\base.py", line 977, in render_annotated
    return self.render(context)
           ~~~~~~~~~~~^^^^^^^^^
  File "E:\My_file\Python\Lib\django\template\defaulttags.py", line 327, in render
    return nodelist.render(context)
           ~~~~~~~~~~~~~~~^^^^^^^^^
  File "E:\My_file\Python\Lib\django\template\base.py", line 1016, in render
    return SafeString("".join([node.render_annotated(context) for node in self]))
                               ~~~~~~~~~~~~~~~~~~~~~^^^^^^^^^
  File "E:\My_file\Python\Lib\django\template\base.py", line 977, in render_annotated
    return self.render(context)
           ~~~~~~~~~~~^^^^^^^^^
  File "E:\My_file\Python\Lib\django\template\defaulttags.py", line 243, in render
    nodelist.append(node.render_annotated(context))
                    ~~~~~~~~~~~~~~~~~~~~~^^^^^^^^^
  File "E:\My_file\Python\Lib\django\template\base.py", line 977, in render_annotated
    return self.render(context)
           ~~~~~~~~~~~^^^^^^^^^
  File "E:\My_file\Python\Lib\django\template\base.py", line 1075, in render
    output = self.filter_expression.resolve(context)
  File "E:\My_file\Python\Lib\django\template\base.py", line 743, in resolve
    arg_vals.append(arg.resolve(context))
                    ~~~~~~~~~~~^^^^^^^^^
  File "E:\My_file\Python\Lib\django\template\base.py", line 854, in resolve
    value = self._resolve_lookup(context)
  File "E:\My_file\Python\Lib\django\template\base.py", line 914, in _resolve_lookup
    raise VariableDoesNotExist(
    ^^^^^^^^^^^^^^^^^^^^^^^^^^^
    ...<2 lines>...
    )  # missing attribute
    ^
django.template.base.VariableDoesNotExist: Failed lookup for key [prefix] in 1
"GET /cart/ HTTP/1.1" 500 223371
Watching for file changes with StatReloader
"GET /cart/ HTTP/1.1" 200 10704
"POST /cart/ HTTP/1.1" 302 0
"GET /cart/ HTTP/1.1" 200 11016
"POST /cart/ HTTP/1.1" 302 0
"GET /cart/ HTTP/1.1" 200 11016
"POST /cart/ HTTP/1.1" 302 0
"GET /cart/ HTTP/1.1" 200 11016
"POST /cart/ HTTP/1.1" 302 0
"GET /cart/ HTTP/1.1" 200 11016
"POST /cart/ HTTP/1.1" 302 0
"GET /cart/ HTTP/1.1" 200 11016
"GET /cart/ HTTP/1.1" 200 10704
Watching for file changes with StatReloader
"GET /cart/ HTTP/1.1" 302 0
Not Found: /accounts/login/
"GET /accounts/login/?next=/cart/ HTTP/1.1" 404 19091
"GET /cart/ HTTP/1.1" 200 10762
"POST /cart/ HTTP/1.1" 302 0
"GET /cart/ HTTP/1.1" 200 11074
"GET /cart/checkout/ HTTP/1.1" 200 7681
"POST /cart/checkout/ HTTP/1.1" 302 0
"GET /bookings/12/ HTTP/1.1" 200 6819
"GET /payments/create/12/ HTTP/1.1" 200 7687
"POST /payments/create/12/ HTTP/1.1" 302 0
"GET /payments/ HTTP/1.1" 200 14803
"GET /my-bookings/ HTTP/1.1" 200 14228
"GET /my-bookings/?status=past&sort=-created_at HTTP/1.1" 200 12952
"GET /my-bookings/?status=current&sort=-created_at HTTP/1.1" 200 12955
"GET /my-bookings/?status=upcoming&sort=-created_at HTTP/1.1" 200 14233
"GET /my-bookings/?status=all&sort=-created_at HTTP/1.1" 200 14228
"GET /bookings/12/ HTTP/1.1" 200 6765
"GET /bookings/12/delete/ HTTP/1.1" 200 5835
"POST /bookings/12/delete/ HTTP/1.1" 302 0
"GET /bookings/ HTTP/1.1" 200 18054
"GET /dashboard/ HTTP/1.1" 200 6163
"GET /hotels/search/ HTTP/1.1" 200 24490
"GET /hotels/1/ HTTP/1.1" 200 20833
"POST /cart/add/ HTTP/1.1" 302 0
"GET /cart/ HTTP/1.1" 200 11085
"GET /cart/checkout/ HTTP/1.1" 200 7670
"POST /cart/checkout/ HTTP/1.1" 302 0
"GET /bookings/13/ HTTP/1.1" 200 6718
Watching for file changes with StatReloader
"GET /my-bookings/ HTTP/1.1" 302 0
Not Found: /accounts/login/
"GET /accounts/login/?next=/my-bookings/ HTTP/1.1" 404 19098
Internal Server Error: /bookings/13/
Traceback (most recent call last):
  File "E:\My_file\Python\Lib\django\core\handlers\exception.py", line 55, in inner
    response = get_response(request)
  File "E:\My_file\Python\Lib\django\core\handlers\base.py", line 197, in _get_response
    response = wrapped_callback(request, *callback_args, **callback_kwargs)
  File "E:\My_file\Python\Lib\django\views\generic\base.py", line 105, in view
    return self.dispatch(request, *args, **kwargs)
           ~~~~~~~~~~~~~^^^^^^^^^^^^^^^^^^^^^^^^^^
  File "E:\My_file\Python\Lib\django\views\generic\base.py", line 144, in dispatch
    return handler(request, *args, **kwargs)
  File "E:\учеба\3 курс\Практика\Учебная2\DjangoProject\hotel_booking\views.py", line 1145, in get
    context = self.get_context_data(object=self.object)
  File "E:\учеба\3 курс\Практика\Учебная2\DjangoProject\hotel_booking\views.py", line 1117, in get_context_data
    services_total = booking.services.aggregate(total=models.Sum('price'))['total'] or 0
                                                      ^^^^^^
NameError: name 'models' is not defined
"GET /bookings/13/ HTTP/1.1" 500 93949
"GET /cart/checkout/ HTTP/1.1" 302 0
"GET /cart/ HTTP/1.1" 200 8078
"GET /my-bookings/ HTTP/1.1" 200 15931
Internal Server Error: /bookings/13/
Traceback (most recent call last):
  File "E:\My_file\Python\Lib\django\core\handlers\exception.py", line 55, in inner
    response = get_response(request)
  File "E:\My_file\Python\Lib\django\core\handlers\base.py", line 197, in _get_response
    response = wrapped_callback(request, *callback_args, **callback_kwargs)
  File "E:\My_file\Python\Lib\django\views\generic\base.py", line 105, in view
    return self.dispatch(request, *args, **kwargs)
           ~~~~~~~~~~~~~^^^^^^^^^^^^^^^^^^^^^^^^^^
  File "E:\My_file\Python\Lib\django\views\generic\base.py", line 144, in dispatch
    return handler(request, *args, **kwargs)
  File "E:\учеба\3 курс\Практика\Учебная2\DjangoProject\hotel_booking\views.py", line 1145, in get
    context = self.get_context_data(object=self.object)
  File "E:\учеба\3 курс\Практика\Учебная2\DjangoProject\hotel_booking\views.py", line 1117, in get_context_data
    services_total = booking.services.aggregate(total=models.Sum('price'))['total'] or 0
                                                      ^^^^^^
NameError: name 'models' is not defined
"GET /bookings/13/ HTTP/1.1" 500 93810
Watching for file changes with StatReloader
"GET /bookings/13/ HTTP/1.1" 200 7457
"GET /bookings/13/delete/ HTTP/1.1" 200 5838
"POST /bookings/13/delete/ HTTP/1.1" 302 0
"GET /my-bookings/ HTTP/1.1" 200 14352
"GET /my-bookings/ HTTP/1.1" 200 14352
"GET /my-bookings/?status=upcoming&sort=-created_at HTTP/1.1" 200 12956
"GET /my-bookings/?status=current&sort=-created_at HTTP/1.1" 200 12955
"GET /my-bookings/?status=cancelled&sort=-created_at HTTP/1.1" 200 14358
"GET /my-bookings/?status=past&sort=-created_at HTTP/1.1" 200 12952
"GET /my-bookings/?status=all&sort=-created_at HTTP/1.1" 200 14352
"GET / HTTP/1.1" 200 4444
"GET /hotels/search/ HTTP/1.1" 200 24490
"GET /hotels/1/ HTTP/1.1" 200 20833
"POST /cart/add/ HTTP/1.1" 302 0
"GET /cart/ HTTP/1.1" 200 11088
"POST /cart/add/ HTTP/1.1" 302 0
"GET /cart/ HTTP/1.1" 200 11115
"GET /cart/checkout/ HTTP/1.1" 200 7673
"POST /cart/checkout/ HTTP/1.1" 302 0
"GET /bookings/14/ HTTP/1.1" 200 7799
"GET /my-bookings/ HTTP/1.1" 200 15930
"GET /logout/ HTTP/1.1" 302 0
"GET / HTTP/1.1" 200 3732
"GET /login/ HTTP/1.1" 200 4202
"POST /login/ HTTP/1.1" 302 0
"GET /dashboard/ HTTP/1.1" 200 6485
"GET /logout/ HTTP/1.1" 302 0
"GET / HTTP/1.1" 200 3732
"GET /hotels/search/ HTTP/1.1" 200 23466
"GET /login/ HTTP/1.1" 200 4202
"POST /login/ HTTP/1.1" 200 4805
"POST /login/ HTTP/1.1" 302 0
"GET /dashboard/ HTTP/1.1" 200 7737
"GET /logout/ HTTP/1.1" 302 0
"GET / HTTP/1.1" 200 3732
"GET /login/ HTTP/1.1" 200 4202
"POST /login/ HTTP/1.1" 302 0
"GET /dashboard/ HTTP/1.1" 200 7749
"GET /logout/ HTTP/1.1" 302 0
"GET / HTTP/1.1" 200 3732
"GET /login/ HTTP/1.1" 200 4202
"POST /login/ HTTP/1.1" 302 0
"GET /dashboard/ HTTP/1.1" 200 6477
"GET /logout/ HTTP/1.1" 302 0
"GET / HTTP/1.1" 200 3732
"GET /login/ HTTP/1.1" 200 4202
"POST /login/ HTTP/1.1" 302 0
"GET /dashboard/ HTTP/1.1" 200 7749
"GET /reviews/ HTTP/1.1" 200 8631
"GET /logout/ HTTP/1.1" 302 0
"GET / HTTP/1.1" 200 3732
"GET /hotels/search/ HTTP/1.1" 200 23005
"GET /hotels/1/ HTTP/1.1" 200 13663
"GET /login/ HTTP/1.1" 200 4202
"POST /login/ HTTP/1.1" 302 0
"GET /dashboard/ HTTP/1.1" 200 6477
"GET /hotels/search/ HTTP/1.1" 200 24029
"GET /hotels/1/ HTTP/1.1" 200 20833
"POST /cart/add/ HTTP/1.1" 302 0
"GET /cart/ HTTP/1.1" 200 11088
"GET /cart/checkout/ HTTP/1.1" 200 7673
"POST /cart/checkout/ HTTP/1.1" 302 0
"GET /bookings/15/ HTTP/1.1" 200 7799
"GET /my-bookings/ HTTP/1.1" 200 14222
Watching for file changes with StatReloader
"GET /my-bookings/ HTTP/1.1" 200 14222
"GET /bookings/15/ HTTP/1.1" 200 7459
"GET /hotels/search/ HTTP/1.1" 200 24029
"GET /hotels/1/ HTTP/1.1" 200 21516
